intercept	trans_x	trans_y	trans_z	rot_x	rot_y	rot_z	trans_x_derivative1	trans_y_derivative1	trans_z_derivative1	rot_x_derivative1	rot_y_derivative1	rot_z_derivative1	trans_x_power2	trans_y_power2	trans_z_power2	rot_x_power2	rot_y_power2	rot_z_power2	trans_x_derivative1_power2	trans_y_derivative1_power2	trans_z_derivative1_power2	rot_x_derivative1_power2	rot_y_derivative1_power2	rot_z_derivative1_power2	cosine00	cosine01	cosine02	cosine03	cosine04	cosine05	cosine06	cosine07
1.0	-0.0013443911742996	0.0751855503472711	0.6150164409577599	-0.0009858903367366	0.0011131550553373	0.000701049329857	3.775645922129999e-05	0.0141585119085903	-0.0073449027813126	2.1491725580899835e-05	2.550731797690016e-05	1.026016800058198e-09	1.807387629534657e-06	0.005652866981022	0.3782452226483497	9.719797560706068e-07	1.2391141772229876e-06	4.914701628929489e-07	1.425550212929689e-09	0.0002004634594656	5.394759686693374e-05	4.6189426844470435e-10	6.506232703746934e-10	1.0527104740016641e-18	0.1008563388	0.1003800917	0.0995880118	0.0984825911	0.0970673078	0.0953466148	0.0933259261	0.0910115994
1.0	-0.0014704426085074	0.0600472573940606	0.6089603133505364	-0.0008878713415747	0.0010591898536191	0.0007004707986054	-0.0001260514342078	-0.0151382929532105	-0.0060561276072235	9.80189951619001e-05	-5.396520171820009e-05	-5.785312515999962e-07	2.162201464914047e-06	0.0036056731205485	0.3708326632359834	7.883155191896576e-07	1.1218831460096503e-06	4.906593396988869e-07	1.588896406584333e-08	0.0002291679135372	3.667668159497483e-05	9.607723412548596e-09	2.912242996486026e-09	3.3469840907785815e-13	0.1007526021	0.0999660109	0.0986595713	0.0968400771	0.0945169902	0.0917023912	0.0884109167	0.0846596832
1.0	-0.0013314847548571	0.0357375788223066	0.6202528723296012	-0.0010458792747752	0.0010801340719395	0.0007010658077811	0.0001389578536503	-0.024309678571754	0.0112925589790648	-0.0001580079332005	2.0944218320400124e-05	5.950091756999577e-07	1.7728516524168717e-06	0.0012771745400805	0.3847136256331206	1.0938634574042985e-06	1.1666896133646052e-06	4.914932668397663e-07	1.930928509109821e-08	0.0005909604722619	0.0001275218882956	2.4966506954293668e-08	4.3866028105258414e-10	3.540359191671431e-13	0.1006229812	0.0994492082	0.0975030516	0.0947996265	0.0913599293	0.0872106748	0.0823840887	0.0769176572
1.0	-0.0144212224747093	0.0358125244629548	0.5975563853864685	-0.0013824253731731	0.0012110162139553	0.0007013374265846	-0.0130897377198522	7.494564064820103e-05	-0.0226964869431327	-0.0003365460983978	0.0001308821420157	2.716188035000161e-07	0.000207971657665	0.0012825369084097	0.3570736337161416	1.9110999123927843e-06	1.4665602704626288e-06	4.918741859283092e-07	0.0001713412335745	5.616849052169283e-09	0.0005151305195597	1.1326327634684898e-07	1.7130135098644003e-08	7.377677441478034e-14	0.1004675095	0.0988302147	0.0961211263	0.0923696238	0.0876163914	0.081912977	0.075321233	0.0679126455
1.0	-0.0261237450736189	0.0952263663820502	0.5810763298639898	-0.001393025272172	0.0014930129371371	0.0007020403554466	-0.0117025225989095	0.0594138419190954	-0.0164800555224786	-1.0599898998900088e-05	0.0002819967231818	7.029288620000055e-07	0.0006824500566714	0.0090680608543284	0.3376497011282043	1.9405194089098747e-06	2.2290876304587503e-06	4.928606606755885e-07	0.0001369490351779	0.0035300046115872	0.0002715922300239	1.1235785878688308e-10	7.95221518852728e-08	4.941089850326227e-13	0.1002862268	0.0981096665	0.0945169902	0.0895600545	0.083310408	0.0758582581	0.0673111691	0.05779251
1.0	-0.0287710759223216	0.0552690536171809	0.5921143102057016	-0.0010582460491968	0.0014549582450948	0.00102477072773	-0.0026473308487027	-0.0399573127648693	0.0110379803417117	0.0003347792229752	-3.805469204230002e-05	0.0003227303722833	0.0008277748097279	0.0030546682877388	0.3505993563503738	1.1198847006406358e-06	2.11690349496934e-06	1.0501550444122737e-06	7.008360622492967e-06	0.0015965868433895	0.000121837010024	1.1207712813587873e-07	1.4481595864342927e-09	1.0415489319418188e-07	0.1000791797	0.097288304	0.0926943516	0.0863824638	0.0784696209	0.0691024742	0.0584546282	0.0467234231
1.0	-0.0137622489233422	0.0550865124249781	0.627606566205472	-0.0010579439067265	0.0009410028629279	0.0009419989180041	0.0150088269989794	-0.0001825411922028	0.0354922559997703	3.0214247029986506e-07	-0.0005139553821669	-8.277180972589987e-05	0.000189399495428	0.0030345238511472	0.3938900019442234	1.1192453097797296e-06	8.854863880385041e-07	8.873619615208951e-07	0.0002252648878852	3.3321286850820895e-08	0.0012597002359532	9.129007235890485e-14	2.641501348583243e-07	6.851172485300572e-09	0.0998464214	0.0963669712	0.0906574241	0.082849909	0.073125105	0.0617080609	0.0488629865	0.0348871389
1.0	-0.0014692502637103	0.050690647551292	0.6274645581701179	-0.0008338766110743	0.0010737088038597	0.0007004479393383	0.0122929986596319	-0.0043958648736861	-0.000142008035354	0.0002240672956522	0.0001327059409318	-0.0002415509786657	2.158696337412786e-06	0.0025695417491693	0.3937117717596213	6.953502024967593e-07	1.1528505954858276e-06	4.906273157232708e-07	0.0001511178160457	1.932362798770733e-05	2.016628210510981e-08	5.0206152980890446e-08	1.7610866758594398e-08	5.834687529440575e-08	0.0995880118	0.0953466148	0.0884109167	0.0789769061	0.0673111691	0.0537433556	0.0386568643	0.0224780088
1.0	-0.0092540336605537	0.0715596381717631	0.619518703660745	-0.0011919227997319	0.0012020784627146	0.0007012168978806	-0.0077847833968434	0.0208689906204711	-0.0079458545093729	-0.0003580461886576	0.0001283696588549	7.689585422999533e-07	8.563713899066092e-05	0.0051207818152736	0.38380342418549	1.420679960520731e-06	1.444992630522296e-06	4.917051378732918e-07	6.0602852535768665e-05	0.0004355147695173	6.313660388412176e-05	1.2819707321223373e-07	1.6478769314523418e-08	5.912972397760692e-13	0.0993040172	0.0942282833	0.0859600226	0.0747793702	0.0610651352	0.0452819664	0.0279646096	0.0096997904
1.0	-0.0095676519714231	0.0364978621856693	0.6043318381385774	-0.0010769075831584	0.0011591237923702	0.0007011251085421	-0.0003136183108693	-0.0350617759860938	-0.0151868655221676	0.0001150152165735	-4.295467034439999e-05	-9.178933849996777e-08	9.153996424627634e-05	0.0013320939441241	0.3652169705879517	1.1597299426640665e-06	1.3435679660386749e-06	4.915764178281715e-07	9.835644491257533e-08	0.001229328135299	0.0002306408843884	1.3228500043449113e-08	1.8451037043960763e-09	8.425282662261662e-15	0.0989945105	0.0930131259	0.083310408	0.0702745499	0.0544270991	0.0364020914	0.0169206838	-0.0032376983
1.0	-0.0086608685197688	0.0359611687230767	0.6138546989450191	-0.0011800093574949	0.0011629808185404	0.0008821863716766	0.0009067834516543	-0.0005366934625926	0.0095228608064417	-0.0001031017743365	3.857026170200027e-06	0.0001810612631344	7.50106435167222e-05	0.0012932056559295	0.37681759141688	1.392422083775527e-06	1.3525243842928988e-06	7.782527943719241e-07	8.222562281940868e-07	2.880398727896356e-07	9.068487793886373e-05	1.0629975871334582e-08	1.4876650877607888e-11	3.2783181007860616e-08	0.0986595713	0.0917023912	0.080468198	0.0654809563	0.0474396731	0.0271857966	0.0056639705	-0.016122024
1.0	-0.0146701267102145	0.0352857472251741	0.620865112374446	-0.0014040461772779	0.001243386281307	0.000875873749602	-0.0060092581904457	-0.0006754214979025	0.0070104134294268	-0.0002240368197829	8.040546276659997e-05	-6.312622074599911e-06	0.0002152126176937	0.0012450839572388	0.3854734877637334	1.971345667928684e-06	1.54600944454245e-06	7.67154825241867e-07	3.611118399943874e-05	4.561941998289873e-07	4.9145896451488695e-05	5.019249661848037e-08	6.465038442711094e-09	3.984919745672608e-11	0.0982992856	0.0902974261	0.0774399633	0.0604182874	0.0401477124	0.0177182567	-0.0056639705	-0.0287416266
1.0	-0.0158922052542465	0.0661193550735248	0.6041649110442222	-0.0014889029816779	0.0011429793776778	0.0007013518074399	-0.0012220785440319	0.0308336078483507	-0.0167002013302237	-8.485680440000008e-05	-0.0001004069036292	-0.0001745219421621	0.0002525621878431	0.0043717691153388	0.3650152397370729	2.216832088849341e-06	1.306401857796731e-06	4.918943577992146e-07	1.493475967783368e-06	0.0009507113729458	0.00027889672447	7.200677252979873e-09	1.0081546296403465e-08	3.0457908296031395e-08	0.097913746	0.0887996743	0.0742327045	0.0551073469	0.032598027	0.0080869688	-0.0169206838	-0.0408892924
1.0	-0.0145560356483827	0.0516048977086001	0.6009149506034674	-0.0014889166409483	0.001181979332786	0.0007013808567888	0.0013361696058637	-0.0145144573649247	-0.0032499604407547	-1.3659270399870097e-08	3.899995510820006e-05	2.9049348899989374e-08	0.0002118781737969	0.002663065467515	0.3610987778587677	2.2168727636927686e-06	1.3970751431332375e-06	4.919351062697912e-07	1.785349215634218e-06	0.0002106694725982	1.0562242866470888e-05	1.8657566785676736e-16	1.52099649844162e-09	8.438646715133136e-16	0.0975030516	0.0872106748	0.0708538361	0.0495699584	0.0248390815	-0.0016190571	-0.0279646096	-0.0523655572
1.0	-0.0156081620422412	0.0427104607737049	0.6007409483257646	-0.0009538298069218	0.0009416668066581	0.0007004490637821	-0.0010521263938585	-0.0088944369348952	-0.0001740022777028	0.0005350868340264	-0.0002403125261279	-9.317930067000418e-07	0.0002436147223368	0.0018241834595021	0.360889686995339	9.097913005724784e-07	8.867363747616635e-07	4.906288909532204e-07	1.1069699486536915e-06	7.911100838882794e-05	3.0276792645766385e-08	2.863179199485031e-07	5.775011021397265e-08	8.682382073351043e-13	0.0970673078	0.0855320604	0.0673111691	0.0438288763	0.0169206838	-0.01131012	-0.0386568643	-0.062981981
1.0	-0.0013672597942218	0.0546808180678795	0.6149302555993472	-0.0011908683336996	0.0010470837633016	0.0007011239492955	0.0142409022480194	0.0119703572941746	0.0141893072735825	-0.0002370385267777	0.0001054169566434	6.748855134000066e-07	1.8693993448954392e-06	0.0029899918645725	0.3781392192514785	1.4181673882084617e-06	1.096384407369841e-06	4.915747922757188e-07	0.0002028032968376	0.0001432894537501	0.0002013364409041	5.6187263176989784e-08	1.1112734747977554e-08	4.554704561971905e-13	0.0966066266	0.0837655561	0.0636128936	0.037907692	0.0088936652	-0.0208966574	-0.0488629865	-0.0725642424
1.0	-0.0154682550653575	0.0352706592825455	0.6009086838725182	-0.0011908305641853	0.0009410827623312	0.000701060948904	-0.0141009952711357	-0.019410158785334	-0.014021571726829	3.77695142999776e-08	-0.0001060010009703	-6.300039149999964e-08	0.0002392669147669	0.0012440194062254	0.3610912463534019	1.4180774325978798e-06	8.856367655569218e-07	4.914864540781769e-07	0.0001988380676365	0.0003767542640718	0.0001966044736906	1.4265362104562129e-15	1.1236212206726734e-08	3.9690493291532274e-15	0.0961211263	0.081912977	0.0597675591	0.0318307368	0.0008095546	-0.0302900726	-0.0584546282	-0.0809550009
1.0	-0.0176738139771543	0.0353890222286992	0.6009910413850292	-0.0011909216038239	0.0010390177260442	0.0008106197752436	-0.0022055589117967	0.0001183629461537	8.235751251106649e-05	-9.103963859993444e-08	9.793496371299996e-05	0.0001095588263396	0.000312363700499	0.0012523828943033	0.3611902318250619	1.41829426645449e-06	1.07955783503406e-06	6.571044200159846e-07	4.864490113406274e-06	1.4009787022183888e-08	6.782759867010473e-09	8.288215796406673e-15	9.59125711746662e-09	1.2003136428910653e-08	0.0956109317	0.0799762268	0.0557840552	0.0256229823	-0.007279753	-0.0394035537	-0.0673111691	-0.0880164806
1.0	-0.0013234366539336	0.039926124868586	0.6008539997571347	-0.0011909200381847	0.0011940838174584	0.0007012115339536	0.0163503773232207	0.0045371026398868	-0.0001370416278945	1.565639199882507e-09	0.0001550660914142	-0.00010940824129	1.7514845769749635e-06	0.0015940954470219	0.3610255290241468	1.4182905373498474e-06	1.4258361631160257e-06	4.916976153495607e-07	0.0002673348386116	2.058530036486781e-05	1.878040777597969e-08	2.4512261042087368e-18	2.404549270647708e-08	1.1970163262170885e-08	0.0950761739	0.0779572956	0.0516715908	0.0193099375	-0.0153223288	-0.0481528762	-0.075321233	-0.0936327321
1.0	-0.0010873347091688	0.0522726119042431	0.6009084917694025	-0.0011908305641853	0.0009410827623312	0.000701060948904	0.0002361019447648	0.012346487035657	5.449201226781497e-05	8.947399940005193e-08	-0.0002530010551272	-1.505850495999968e-07	1.1822967697631988e-06	0.0027324259552916	0.3610910154805781	1.4180774325978798e-06	8.856367655569218e-07	4.914864540781769e-07	5.574412832172072e-08	0.0001524357421216	2.969379400995697e-09	8.005596568640494e-15	6.400953389547655e-08	2.267585716303349e-14	0.0945169902	0.0758582581	0.0474396731	0.012917544	-0.0232665442	-0.0564571806	-0.0823840887	-0.0977115367
1.0	-0.0123041581228164	0.0513569485544422	0.6008180290983631	-0.0011909821080706	0.0011910206694456	0.0008072098606918	-0.0112168234136476	-0.0009156633498009	-9.046267103940409e-05	-1.5154388529996232e-07	0.0002499379071143	0.0001061489117878	0.0001513923071112	0.0026375361648236	0.3609823040896415	1.4184383817442902e-06	1.4185302350466452e-06	6.515877591980752e-07	0.0001258171274929	8.384393701686065e-07	8.183494851583438e-09	2.2965549171808136e-14	6.246895741272643e-08	1.1267591473734153e-08	0.0939335243	0.073681271	0.0430980853	0.0064720696	-0.0310614022	-0.0642397205	-0.0884109167	-0.1001859206
1.0	-0.0134228989761879	0.0378494437734389	0.6009165510154588	-0.0011909622462234	0.000940916497804	0.0009810610229219	-0.0011187408533715	-0.0135075047810033	9.852191709569524e-05	1.9861847199917352e-08	-0.0002501041716415	0.00017385116223	0.0001801742169249	0.0014325803939587	0.3611007012843145	1.4183910719294865e-06	8.853238558397448e-07	9.624807306965646e-07	1.2515810970023926e-06	0.0001824526854088	9.706568148211048e-09	3.944929741928646e-16	6.255209667253088e-08	3.022422660875653e-08	0.0933259261	0.0714285714	0.0386568643	0.0	-0.0386568643	-0.0714285714	-0.0933259261	-0.1010152545
1.0	-0.0011816113161557	0.0311873879704336	0.6011043990277898	-0.0014569757984631	0.0009407653642075	0.0010101861792621	0.0122412876600322	-0.0066620558030053	0.0001878480123309	-0.0002660135522397	-1.5113359650006588e-07	2.912515634019997e-05	1.3962053024672058e-06	0.0009726531684183	0.3613264985305603	2.122778477307188e-06	8.850394704924701e-07	1.0204761167721597e-06	0.0001498491235756	4.438298752235661e-05	3.528687573669252e-08	7.076320997518359e-08	2.2841363991044716e-14	8.482747318410904e-10	0.0926943516	0.0691024742	0.0341262771	-0.0064720696	-0.0460041721	-0.0779572956	-0.0970673078	-0.1001859206
1.0	-0.0010873202131591	0.0352949329335814	0.6010211870355704	-0.0016373311097142	0.0009409268870639	0.0007012707686564	9.42911029966e-05	0.0041075449631478	-8.321199221938969e-05	-0.0001803553112511	1.6152285640003586e-07	-0.0003089154106056	1.1822652459443508e-06	0.001245732290786	0.3612264672656461	2.680853162837934e-06	8.853434067997612e-07	4.917806909719381e-07	8.890812104315429e-09	1.687192562428088e-05	6.924235649119769e-09	3.25280382964812e-08	2.6089633139626603e-14	9.542873090968821e-08	0.0920389632	0.0667053695	0.0295167975	-0.012917544	-0.0530561602	-0.0837655561	-0.0995880118	-0.0977115367
1.0	-0.0013413827435044	0.0352890378483579	0.6011613892061689	-0.0017238785398402	0.0010758969456703	0.0007014284793127	-0.0002540625303453	-5.8950852235006845e-06	0.0001402021705985	-8.654743012599989e-05	0.0001349700586063	1.5771065630006134e-07	1.7993076645713912e-06	0.0012453161922628	0.3613950158722909	2.97175722012158e-06	1.1575542377026802e-06	4.920019115909269e-07	6.45477693254565e-08	3.475202979233612e-11	1.965664864053468e-08	7.490457661414833e-09	1.8216916720215025e-08	2.4872651110596076e-14	0.0913599293	0.0642397205	0.0248390815	-0.0193099375	-0.0597675591	-0.0887996743	-0.1008563388	-0.0936327321
1.0	-0.0136092350956573	0.0702987588097983	0.6010968292955852	-0.0015258311937325	0.0009409658394494	0.0007012184270432	-0.0122678523521529	0.0350097209614404	-6.455991058373911e-05	0.0001980473461077	-0.0001349311062208	-2.1005226949998013e-07	0.0001852112798888	0.0049419154901981	0.3613173981892058	2.3281608317671458e-06	8.854167110107139e-07	4.917072824249396e-07	0.0001505002013342	0.0012256805617979	4.167982054580389e-09	3.9222751300303134e-08	1.8206403425995786e-08	4.4121955922092287e-14	0.0906574241	0.0617080609	0.0201039431	-0.0256229823	-0.0660952855	-0.0930131259	-0.1008563388	-0.0880164806
1.0	-0.0099580376521402	0.0394648091346994	0.613268941935857	-0.0011929213284388	0.0009409679082206	0.0008940618929076	0.0036511974435171	-0.0308339496750989	0.0121721126402718	0.0003329098652936	2.0687712000292194e-09	0.0001928434658643	9.916251388144193e-05	0.0015574711600382	0.3760987951431255	1.4230612958441914e-06	8.854206043010515e-07	7.993466683495208e-07	1.3331242771545808e-05	0.0009507324525665	0.0001481603261274	1.1082897840986945e-07	4.279814278070336e-18	3.7188602326594e-08	0.0899316284	0.059112992	0.0153223288	-0.0318307368	-0.0719987191	-0.0963669712	-0.0995880118	-0.0809550009
1.0	-0.0012629414108857	0.0564040071003404	0.6254288353099469	-0.0009718814226474	0.0008250530503581	0.00092190152777	0.0086950962412545	0.016939197965641	0.0121598933740898	0.0002210399057914	-0.0001159148578624	2.7839634862400053e-05	1.5950210073299628e-06	0.0031814120169752	0.3911612280371566	9.44553499687134e-07	6.807125359052055e-07	8.499024269046602e-07	7.560469864467814e-05	0.0002869364277191	0.0001478630068692	4.8858639952271e-08	1.3436254273283569e-08	7.750452692717604e-10	0.0891827284	0.0564571806	0.0105052926	-0.037907692	-0.0774399633	-0.0988302147	-0.0970673078	-0.0725642424
1.0	-0.0084930827220972	0.0564391397076633	0.6048356529144456	-0.0015850071794918	0.0010262189625771	0.0009868143116903	-0.0072301413112115	3.513260732290052e-05	-0.0205931823955012	-0.0006131257568443	0.000201165912219	6.491278392029996e-05	7.2132454124386e-05	0.0031853764909411	0.3658261670364438	2.512247759040551e-06	1.0531253591528197e-06	9.738024857568006e-07	5.227494338008715e-05	1.2343000973051231e-09	0.0004240791611743	3.759231937060184e-07	4.0467724238902414e-08	4.2136695162835535e-09	0.0884109167	0.0537433556	0.0056639705	-0.0438288763	-0.0823840887	-0.1003800917	-0.0933259261	-0.062981981
1.0	-0.0169113947514318	0.0563025178059319	0.6105954656179335	-0.0015890933836919	0.001168196410975	0.0010129292415878	-0.0084183120293345	-0.0001366219017314	0.0057598127034879	-4.086204200100122e-06	0.0001419774483978	2.611492989749997e-05	0.0002859952724387	0.0031699735112872	0.372826822633181	2.525217782093372e-06	1.364682854614871e-06	1.0260256484636356e-06	7.086797742323959e-05	1.866554403270468e-08	3.3175442379260705e-05	1.6697064764915877e-11	2.0157595853578336e-08	6.819895635513379e-10	0.0876163914	0.0509743057	0.0008095546	-0.0495699584	-0.0867993568	-0.1010022786	-0.0884109167	-0.0523655572
1.0	-0.0182454484820198	0.0563934685039981	0.6103478106100937	-0.0009719422647202	0.0010640972526125	0.000830018190088	-0.001334053730588	9.095069806620144e-05	-0.0002476550078398	0.0006171511189717	-0.0001040991583624	-0.0001829110514998	0.00033289639031	0.0031802232899114	0.3725244499165347	9.446717659494314e-07	1.132302963017471e-06	6.889301958769593e-07	1.779699356095764e-06	8.272029478729336e-09	6.133300290815773e-08	3.808755036480215e-07	1.083663477178082e-08	3.345645276076248e-08	0.0867993568	0.0481528762	-0.0040467329	-0.0551073469	-0.0906574241	-0.1006910253	-0.0823840887	-0.0408892924
1.0	-0.0032702486069808	0.0564876102773013	0.6137364735562585	-0.0009719830316691	0.001376660544174	0.0007011694465397	0.014975199875039	9.414177330319824e-05	0.0033886629461648	-4.0766948899984e-08	0.0003125632915614	-0.0001288487435482	1.0694525951459864e-05	0.0031908501148402	0.3766724589732719	9.447510138526548e-07	1.8951942538854536e-06	4.916385927607893e-07	0.0002242566112973	8.862673480670766e-09	1.14830365627103e-05	1.6619441226139068e-15	9.769581123175917e-08	1.660199871397557e-08	0.0859600226	0.0452819664	-0.0088936652	-0.0604182874	-0.0939335243	-0.0994492082	-0.075321233	-0.0287416266
1.0	-0.0094896371994792	0.0565717399686747	0.6147249913139348	-0.0005627249923864	0.0015082306461613	0.0009609257714579	-0.0062193885924983	8.412969137339826e-05	0.0009885177576762	0.0004092580392827	0.0001315701019873	0.0002597563249181	9.005321417773941e-05	0.0032003617630833	0.3778868149459172	3.166594170562739e-07	2.274759682020133e-06	9.233783382519604e-07	3.868079446449921e-05	7.077804970583242e-09	9.77167357241335e-07	1.6749214271752006e-07	1.7310691736948528e-08	6.747334833500947e-08	0.0850986047	0.0423645263	-0.0137200373	-0.0654809563	-0.0966066266	-0.097288304	-0.0673111691	-0.016122024
1.0	-0.0031654241528968	0.0658144844970252	0.6010609014015529	-0.0006770566773412	0.0015852596132224	0.0007010376794091	0.0063242130465824	0.0092427445283505	-0.0136640899123818	-0.0001143316849548	7.702896706110007e-05	-0.0002598880920488	1.0019910067742423e-05	0.0043315463696091	0.3612742071936473	4.5840574433230585e-07	2.513048041314033e-06	4.914538279512961e-07	3.999567065856304e-05	8.542832641635323e-05	0.0001867073531336	1.3071734184603662e-08	5.9334617665000406e-09	6.754182038876555e-08	0.0842153241	0.0394035537	-0.0185146917	-0.0702745499	-0.0986595713	-0.0942282833	-0.0584546282	-0.0032376983
1.0	-0.0021279090685766	0.0469665105137409	0.6005115497933247	-0.0002791167298899	0.0015858925192318	0.0007782220803427	0.0010375150843201	-0.0188479739832843	-0.0005493516082282	0.0003979399474513	6.329060093998584e-07	7.718440093360001e-05	4.527997004130533e-06	0.0022058531098373	0.3606141214351806	7.790614890443138e-08	2.515055082555385e-06	6.056296063329198e-07	1.0764375501919517e-06	0.0003552461232745	3.017871894629331e-07	1.5835620177754348e-07	4.005700167344537e-13	5.957431747478714e-09	0.083310408	0.0364020914	-0.0232665442	-0.0747793702	-0.1000791797	-0.0902974261	-0.0488629865	0.0096997904
1.0	-0.0097191656425366	0.0468849220235085	0.5961794582651123	-0.0005871081154602	0.0017322943152016	0.0007010091311427	-0.00759125657396	-8.158849023239684e-05	-0.0043320915282123	-0.0003079913855703	0.0001464017959698	-7.721294919999996e-05	9.446218078706389e-05	0.0021981959131504	0.3554299464572828	3.446959392392276e-07	3.0008435944797803e-06	4.914138019454432e-07	5.762717637169092e-05	6.6566817384019145e-09	1.876701700880917e-05	9.485869358551325e-08	2.1433485863182964e-08	5.961839524161775e-09	0.0823840887	0.0333632235	-0.0279646096	-0.0789769061	-0.1008563388	-0.0855320604	-0.0386568643	0.0224780088
1.0	-0.0083305934818156	0.0470737867761954	0.5955668741300002	-0.0004466841547751	0.0014207852463352	0.0009628188143046	0.001388572160721	0.0001888647526868	-0.0006125841351121	0.0001404239606851	-0.0003115090688663	0.0002618096831619	6.939878775926857e-05	0.0022159414014507	0.3546999015609795	1.995267341271455e-07	2.018630716203775e-06	9.270200691789158e-07	1.928132645529387e-06	3.566989480748233e-08	3.7525932259105844e-07	1.9718888734490522e-08	9.703789998601152e-08	6.854431019733446e-08	0.0814366042	0.0302900726	-0.032598027	-0.082849909	-0.1009860596	-0.0799762268	-0.0279646096	0.0348871389
1.0	-0.0130538856076753	0.0504845030829983	0.5849542971428576	-0.0007498247000126	0.0017101394169871	0.0009641426484886	-0.0047232921258597	0.0034107163068029	-0.0106125769871425	-0.0003031405452375	0.0002893541706519	1.3238341839999937e-06	0.0001704039294582	0.0025486850515372	0.3421715297458946	5.622370807489856e-07	2.9245768255329786e-06	9.295710466346122e-07	2.230948850620824e-05	1.1632985725491238e-05	0.000112626790308	9.18941901668888e-08	8.372583607364891e-08	1.7525369467269289e-12	0.080468198	0.0271857966	-0.0371560849	-0.0863824638	-0.1004675095	-0.073681271	-0.0169206838	0.0467234231
1.0	0.002052450508728	0.038945481317711	0.6033163600560556	-0.0002790851555646	0.0016708983628748	0.0007002338449367	0.0151063361164033	-0.0115390217652873	0.0183620629131979	0.000470739544448	-3.924105411230012e-05	-0.0002639088035519	4.212553090777827e-06	0.0015167505150681	0.3639906303112881	7.788852405651697e-08	2.7919013390576865e-06	4.903274375948344e-07	0.0002282013908617	0.0001331490232997	0.0003371653544282	2.2159571870711065e-07	1.5398603278444659e-09	6.964785659219535e-08	0.0794791189	0.0240535853	-0.0416282462	-0.0895600545	-0.0993040172	-0.0667053695	-0.0056639705	0.05779251
1.0	-0.0050006562705107	0.04688473439721	0.5893826512959919	-0.0007736365730202	0.0018122304065377	0.0007012021765276	-0.0070531067792387	0.0079392530794989	-0.0139337087600637	-0.0004945514174556	0.0001413320436629	9.683315908999828e-07	2.500656313579798e-05	0.0021981783194969	0.3473719096486927	5.985135471144393e-07	3.284179046379797e-06	4.916844923670435e-07	4.97463152393429e-05	6.303173946033433e-05	0.0001941482398102	2.445811045073432e-07	1.9974746565931872e-08	9.376660699348917e-13	0.0784696209	0.0208966574	-0.0460041721	-0.0923696238	-0.0975030516	-0.059112992	0.0056639705	0.0679126455
1.0	-0.0027811852396268	0.0657688951821171	0.5951646564656699	-0.0007136427097779	0.0018327513921088	0.0007011546842524	0.0022194710308839	0.018884160784907	0.0057820051696779	5.9993863242300063e-05	2.0520985571099992e-05	-4.74922751999684e-08	7.734991337117981e-06	0.0043255475734763	0.3542209683058988	5.09285917219144e-07	3.358977665276744e-06	4.916178912490827e-07	4.926051656932841e-06	0.0003566115285502	3.3431583782182804e-05	3.5992636267358023e-09	4.2111084880929405e-10	2.2555162036695324e-15	0.0774399633	0.0177182567	-0.0502737465	-0.0947996265	-0.0950761739	-0.0509743057	0.0169206838	0.0769176572
1.0	-0.0006437079060219	0.0539949805423276	0.6012412210567533	-0.0007341391759107	0.0018212444257383	0.0007011691620049	0.0021374773336049	-0.0117739146397894	0.0060765645910834	-2.049646613280005e-05	-1.15069663705e-05	1.4477752499999533e-08	4.143598682750992e-07	0.0029154579237663	0.3614910058978156	5.389603296068418e-07	3.31693125828283e-06	4.916381937466538e-07	4.568809351674714e-06	0.000138625065945	3.69246372296087e-05	4.201051239330198e-10	1.3241027505181798e-10	2.0960531745124267e-16	0.0763904109	0.0145216494	-0.0544270991	-0.0968400771	-0.0920389632	-0.0423645263	0.0279646096	0.0846596832
1.0	-0.0129461824476635	0.0769371128340026	0.6033582249133929	-0.0007341050990998	0.0017237436172274	0.0007011336303165	-0.0123024745416416	0.022942132291675	0.0021170038566395	3.4076810900081536e-08	-9.750080851089988e-05	-3.5531688400021987e-08	0.0001676036399681	0.005919319331232	0.3640411475706404	5.389102965243271e-07	2.9712920579322014e-06	4.915883675607945e-07	0.0001513508798477	0.0005263414340887	4.481705329026935e-06	1.1612290411199154e-15	9.506407660279164e-09	1.262500880556257e-15	0.075321233	0.01131012	-0.0584546282	-0.0984825911	-0.0884109167	-0.0333632235	0.0386568643	0.0910115994
1.0	-0.0110809765819084	0.0468521425002137	0.6033150700279748	-0.0007959983022963	0.0014207229183835	0.0007010661601442	0.0018652058657551	-0.0300849703337889	-4.3154885418061895e-05	-6.189320319650003e-05	-0.0003030206988439	-6.747017230004405e-08	0.0001227880420088	0.0021951232568603	0.3639890737228601	6.336132972585918e-07	2.0184536108201294e-06	4.91493760899333e-07	3.478992921647237e-06	0.0009051054399849	1.862344135446051e-09	3.8307686019232425e-09	9.182154392784556e-08	4.552224150197632e-15	0.0742327045	0.0080869688	-0.0623470231	-0.099720419	-0.0842153241	-0.0240535853	0.0488629865	0.0958691078
1.0	-0.0126986937547286	0.046837489809917	0.6054474041497855	-0.0004910167559689	0.0014748293192061	0.0007003625661856	-0.0016177171728202	-1.4652690296705628e-05	0.0021323341218106	0.0003049815463273	5.410640082259988e-05	-7.035939585999787e-07	0.0001612568230763	0.002193750451694	0.3665665591917136	2.410974546422223e-07	2.175121520789928e-06	4.905077241140789e-07	2.617008851237381e-06	2.1470133293117126e-10	4.54684880703815e-06	9.3013743600252e-08	2.927502609975837e-09	4.950444585783884e-13	0.073125105	0.0048555076	-0.0660952855	-0.1005484744	-0.0794791189	-0.0145216494	0.0584546282	0.099152448
1.0	-0.0151408682558695	0.0468162504713518	0.6283562912433922	-0.0006079974831813	0.0014207833910528	0.0007004324382869	-0.0024421745011408	-2.1239338565196e-05	0.0229088870936067	-0.0001169807272123	-5.404592815329984e-05	6.987210130003208e-08	0.0002292458915415	0.0021917613081963	0.3948316287451507	3.696609395547952e-07	2.0186254442914937e-06	4.90605600604532e-07	5.964216294022803e-06	4.51109502687022e-10	0.0005248171078676	1.3684490539141925e-08	2.920962349951648e-09	4.882110540081943e-15	0.0719987191	0.0016190571	-0.0696907501	-0.1009633545	-0.0742327045	-0.0048555076	0.0673111691	0.1008077078
1.0	-0.0019653974171518	0.0470117610594797	0.6388375014909826	-0.0003407307880261	0.0008489070596926	0.0005431447494152	0.0131754708387177	0.0001955105881278	0.0104812102475904	0.0002672666951551	-0.0005718763313602	-0.0001572876888717	3.862787007346966e-06	0.0022101056779136	0.4081133533112412	1.1609746990888715e-07	7.206431959959355e-07	2.950062188173004e-07	0.0001735930318219	3.8224390070116e-08	0.0001098557682541	7.143148633918258e-08	3.2704253837000135e-07	2.4739417070600704e-08	0.0708538361	-0.0016190571	-0.073125105	-0.1009633545	-0.06850976	0.0048555076	0.075321233	0.1008077078
1.0	0.0012404826380674	0.0647380263986292	0.6207376748750875	-0.0006807442912757	0.0009728292440538	0.0005023312506233	0.0032058800552192	0.0177262653391495	-0.0180998266158951	-0.0003400135032496	0.0001239221843611	-4.081349879190004e-05	1.538797175346656e-06	0.0041910120619896	0.3853152610093298	4.634127901044551e-07	9.46396738086288e-07	2.523366853527686e-07	1.027766692845226e-05	0.0003142204828739	0.0003276037235254	1.1560918239206577e-07	1.5356707776851234e-08	1.665741683636426e-09	0.0696907501	-0.0048555076	-0.0763904109	-0.1005484744	-0.0623470231	0.0145216494	0.0823840887	0.099152448
1.0	0.0021571993914619	0.0533769047662104	0.6502011262735721	-0.0001912106299357	0.0006004328612494	0.0007000575306805	0.0009167167533945	-0.0113611216324188	0.0294634513984846	0.00048953366134	-0.0003723963828044	0.0001977262800572	4.653509214523592e-06	0.002849093962421	0.4227615046074216	3.6561505000407216e-08	3.605196208681412e-07	4.900805462624792e-07	8.403696059541528e-07	0.0001290750847466	0.0008680949683108	2.3964320558494584e-07	1.3867906592580126e-07	3.9095681825258313e-08	0.06850976	-0.0080869688	-0.0794791189	-0.099720419	-0.0557840552	0.0240535853	0.0884109167	0.0958691078
1.0	-0.0017609448341318	0.0453683020638919	0.6321230665561046	-0.0002252036010343	0.0008729472600919	0.0004660980955078	-0.0039181442255937	-0.0080086027023184	-0.0180780597174674	-3.399297109860002e-05	0.0002725143988425	-0.0002339594351727	3.100926708855473e-06	0.0020582828321605	0.3995795712722935	5.0716661918816175e-08	7.620369189019553e-07	2.1724743463599826e-07	1.5351854172553255e-05	6.413771724358316e-05	0.0003268162431483	1.155522084110256e-09	7.426409757648917e-08	5.473701730632882e-08	0.0673111691	-0.01131012	-0.0823840887	-0.0984825911	-0.0488629865	0.0333632235	0.0933259261	0.0910115994
1.0	0.0018162363363813	0.0261324868442187	0.6305746476405432	-0.0005657479085406	0.0010333640864237	0.0004787927841499	0.003577181170513	-0.0192358152196732	-0.0015484189155614	-0.0003405443075062	0.0001604168263318	1.2694688642099991e-05	3.2987144295917664e-06	0.0006829068686632	0.3976243862469951	3.2007069601806305e-07	1.067841335110288e-06	2.2924253015401277e-07	1.279622512667347e-05	0.0003700165871654	2.397601138068515e-06	1.1597042537494541e-07	2.5733558170366882e-08	1.6115511971986256e-10	0.0660952855	-0.0145216494	-0.0850986047	-0.0968400771	-0.0416282462	0.0423645263	0.0970673078	0.0846596832
1.0	0.0007250242022109	0.0261239306839371	0.6299579306674019	-0.0005368259632305	0.0009303122889605	0.0007002497873365	-0.0010912121341703	-8.556160281596864e-06	-0.0006167169731412	2.892194531009995e-05	-0.0001030517974631	0.0002214570031866	5.256600937915521e-07	0.0006824597543791	0.3968469944107551	2.8818211479835415e-07	8.65480954990925e-07	4.903497646648135e-07	1.1907439217607189e-06	7.320787876437571e-11	3.80339824960507e-07	8.364789205204122e-10	1.0619672960396376e-08	4.90432042603898e-08	0.0648624214	-0.0177182567	-0.0876163914	-0.0947996265	-0.0341262771	0.0509743057	0.0995880118	0.0769176572
1.0	-0.0124491535034678	0.0207440795394404	0.6149257626539537	7.610784545973391e-05	0.0011220266465299	0.0006994574836371	-0.0131741777056787	-0.0053798511444967	-0.0150321680134482	0.0006129338086902	0.0001917143575694	-7.923036994000486e-07	0.0001549814229529	0.0004303168359386	0.3781336935755466	5.792404140522741e-09	1.2589437955231331e-06	4.89240771415944e-07	0.0001735589582208	2.894279833694246e-05	0.0002259660751845	3.7568785383551626e-07	3.6754394898247775e-08	6.277451520830025e-13	0.0636128936	-0.0208966574	-0.0899316284	-0.0923696238	-0.0264052374	0.059112992	0.1008563388	0.0679126455
1.0	-0.0018261838384745	0.0264923793276068	0.5999510323520383	4.169192066009927e-06	0.0013530015812224	0.0004889972720427	0.0106229696649933	0.0057482997881663	-0.0149747303019154	-7.193865339372399e-05	0.0002309749346924	-0.0002104602115943	3.334947411905459e-06	0.0007018461624378	0.3599412412202765	1.7382162483280118e-11	1.8306132787903148e-06	2.391183320652024e-07	0.0001128474845033	3.304295045463386e-05	0.0002242425476151	5.175169852102356e-09	5.334942045620461e-08	4.429350066435961e-08	0.0623470231	-0.0240535853	-0.0920389632	-0.0895600545	-0.0185146917	0.0667053695	0.1008563388	0.05779251
1.0	-0.0104458278246823	0.065122348576466	0.5915027857141268	-0.0001353180024258	0.0014369705635319	0.0004430966577766	-0.0086196439862078	0.0386299692488592	-0.0084482466379114	-0.0001394871944918	8.396898230950004e-05	-4.590061426610004e-05	0.0001091153189429	0.0042409202841147	0.3498755455075722	1.8310961780508818e-08	2.0648844004571865e-06	1.963346481327934e-07	7.429826244896828e-05	0.0014922745241678	7.137287125498192e-05	1.945667742719601e-08	7.0507899900931306e-09	2.1068663900053064e-09	0.0610651352	-0.0271857966	-0.0939335243	-0.0863824638	-0.0105052926	0.073681271	0.0995880118	0.0467234231
1.0	-0.0098080327678218	0.0746856173908696	0.6189799242858385	0.00046174832419	0.0011441022799494	0.00043973572627	0.0006377950568604	0.0095632688144036	0.0274771385717116	0.0005970663266158	-0.0002928682835825	-3.3609315065999856e-06	9.619750677466616e-05	0.0055779414450553	0.3831361466689023	2.132115148922733e-07	1.3089700269854153e-06	1.933675089582044e-07	4.067825345556871e-07	9.145611041654444e-05	0.000754993144089	3.564881983784852e-07	8.57718315285597e-08	1.129586059205645e-11	0.0597675591	-0.0302900726	-0.0956109317	-0.082849909	-0.0024284557	0.0799762268	0.0970673078	0.0348871389
1.0	-0.0062954333060929	0.0513743056138764	0.6465313777971318	0.0006548551209105	0.0007841222374702	0.0003712432095629	0.0035125994617289	-0.0233113117769931	0.0275514535112932	0.0001931067967205	-0.0003599800424791	-6.849251670709998e-05	3.963248051146378e-05	0.0026393192773079	0.4180028224762575	4.288352293827056e-07	6.148476832952727e-07	1.3782152064656328e-07	1.2338354978538164e-05	0.0005434172567641	0.0007590825905849	3.7290234939652526e-08	1.295856309833266e-07	4.6912248448723696e-09	0.0584546282	-0.0333632235	-0.0970673078	-0.0789769061	0.0056639705	0.0855320604	0.0933259261	0.0224780088
1.0	0.0151574436252417	0.0675690694981625	0.659997794997679	0.0003778999779858	0.0006010624922994	0.0003318864548557	0.0214528769313346	0.0161947638842861	0.0134664172005471	-0.0002769551429247	-0.0001830597451708	-3.93567547072e-05	0.0002297480972523	0.0045655791528475	0.4355970894017982	1.4280839336166813e-07	3.612761196491663e-07	1.101486189166846e-07	0.0004602259286309	0.0002622703772677	0.0001813443922191	7.670415119244103e-08	3.351087030199824e-08	1.5489541410827084e-09	0.0571266799	-0.0364020914	-0.0982992856	-0.0747793702	0.0137200373	0.0902974261	0.0884109167	0.0096997904
1.0	0.0088674545909412	0.0621849514155599	0.6478497189963548	7.585361934874017e-05	0.0006010187451055	0.000486976960931	-0.0062899890343004	-0.0053841180826026	-0.0121480760013241	-0.000302046358637	-4.3747193899986575e-08	0.0001550905060752	7.863175092240417e-05	0.0038669681825555	0.4197092584036558	5.7537715683035694e-09	3.6122353196819e-07	2.371465604775927e-07	3.956396205162053e-05	2.898872752740836e-05	0.0001475757505339	9.123200276590737e-08	1.9138169741230227e-15	2.4053065074692657e-08	0.0557840552	-0.0394035537	-0.0993040172	-0.0702745499	0.0216880296	0.0942282833	0.0823840887	-0.0032376983
1.0	0.0001690169795693	0.0471169313213835	0.6423620942895241	0.0011588763535892	0.0007826837767641	0.0003160465077713	-0.0086984376113719	-0.0150680200941764	-0.0054876247068307	0.0010830227342404	0.0001816650316586	-0.0001709304531597	2.8566739382729174e-08	0.0022200052171439	0.4126290601800234	1.3429944029082005e-06	6.125938944097156e-07	9.988539507443438e-08	7.56628168789293e-05	0.0002270452295585	3.011402492301905e-05	1.1729382428816815e-06	3.3002183727520154e-08	2.9217219817380395e-08	0.0544270991	-0.0423645263	-0.1000791797	-0.0654809563	0.0295167975	0.097288304	0.075321233	-0.016122024
1.0	0.0051608177722073	0.0172144147665278	0.6328027919970367	0.0006599031557069	0.0006011063343174	0.0003228013864204	0.004991800792638	-0.0299025165548556	-0.0095593022924873	-0.0004989731978822	-0.0001815774424467	6.754878649100021e-06	2.663404007793072e-05	0.000296336075754	0.4004393735592449	4.354721749119252e-07	3.6132882515650177e-07	1.0420073507493241e-07	2.491807515338136e-05	0.0008941604963134	9.138026031915407e-05	2.489742522048888e-07	3.2970367605484685e-08	4.5628385564067326e-11	0.0530561602	-0.0452819664	-0.1006229812	-0.0604182874	0.0371560849	0.0994492082	0.0673111691	-0.0287416266
1.0	0.0150353788058197	0.0501273306286975	0.6029527491234461	-1.2109829782101702e-05	0.0010819983331475	0.000203006603965	0.0098745610336124	0.0329129158621697	-0.0298500428735906	-0.000672012985489	0.0004808919988301	-0.0001197947824554	0.0002260626158344	0.0025127492759587	0.3635520176755213	1.4664797735147736e-10	1.1707203929339683e-06	4.1211681253402347e-08	9.75069556065364e-05	0.0010832600305502	0.0008910250595551	4.516014526658413e-07	2.3125711453880905e-07	1.435078990353662e-08	0.0516715908	-0.0481528762	-0.1009341646	-0.0551073469	0.0445568522	0.1006910253	0.0584546282	-0.0408892924
1.0	-0.011903845648888	0.0668103564322279	0.6211526292928227	7.883372813606401e-05	0.0012055109112676	0.0002759527023554	-0.0269392244547077	0.0166830258035303	0.0181998801693765	9.094355791816571e-05	0.00012351257812	7.294609839040002e-05	0.0001417015412325	0.0044636237266013	0.3858305888773868	6.21475669183085e-09	1.453256557185239e-06	7.614989393724799e-08	0.0007257218142211	0.0002783233499612	0.0003312356381796	8.270730726814762e-09	1.525535695387377e-08	5.321133270381921e-09	0.0502737465	-0.0509743057	-0.1010120104	-0.0495699584	0.0516715908	0.1010022786	0.0488629865	-0.0523655572
1.0	-0.0069336373327502	0.0426687732725667	0.622461952421105	7.888217783553598e-05	0.0008890101326648	0.0002649651124312	0.0049702083161378	-0.0241415831596611	0.0013093231282823	4.8449699471966137e-08	-0.0003165007786027	-1.0987589924199991e-05	4.8075326662107306e-05	0.0018206242125857	0.387458882211894	6.222397980077124e-09	7.903390159806854e-07	7.020651080567848e-08	2.4702970705805347e-05	0.0005828160374548	1.7143270542551004e-06	2.347373378923835e-15	1.0017274285617857e-07	1.207271323423812e-10	0.0488629865	-0.0537433556	-0.1008563388	-0.0438288763	0.0584546282	0.1003800917	0.0386568643	-0.062981981
1.0	-0.0078126953081323	0.0310001428824904	0.6195646011602207	0.000100858123766	0.0010360134969837	0.0002739478278026	-0.0008790579753821	-0.0116686303900762	-0.0028973512608843	2.1975945930464023e-05	0.0001470033643188	8.982715371399965e-06	6.103820797771247e-05	0.0009610088587348	0.3838602950108233	1.0172361129597774e-08	1.073323965932395e-06	7.504741235776298e-08	7.727429240828777e-07	0.0001361569351802	8.39464432894788e-06	4.82942199538678e-10	2.1609989121075236e-08	8.068917544358521e-11	0.0474396731	-0.0564571806	-0.1004675095	-0.037907692	0.0648624214	0.0988302147	0.0279646096	-0.0725642424
1.0	-0.0033053635659285	0.0348113344388707	0.618988867585827	6.0858199822143145e-05	0.0009780090250919	0.0002899703124385	0.0045073317422038	0.0038111915563803	-0.0005757335743936	-3.9999923943856856e-05	-5.8004471891799896e-05	1.6022484635900018e-05	1.092542830296757e-05	0.0012118290054149	0.3831472181951845	3.703720485591904e-09	9.565016531612088e-07	8.408278209568132e-08	2.0316039434277943e-05	1.4525181079424503e-05	3.3146914868410745e-07	1.599993915514333e-09	3.364518759446604e-09	2.567200139076521e-10	0.0460041721	-0.059112992	-0.0998464214	-0.0318307368	0.0708538361	0.0963669712	0.0169206838	-0.0809550009
1.0	-0.0134599414360963	0.0400522017230713	0.6225522566137158	0.0001713095028236	0.0013420248684548	0.0002843854876301	-0.0101545778701677	0.0052408672842005	0.0035633890278887	0.0001104513030014	0.0003640158433629	-5.584824808400012e-06	0.0001811700234631	0.0016041788628655	0.3875713122148299	2.9346945757669016e-08	1.8010307475511235e-06	8.087510557460977e-08	0.0001031154517213	2.746668989060413e-05	1.2697741364078108e-05	1.2199490334719632e-08	1.3250753421920338e-07	3.119026814052023e-11	0.0445568522	-0.0617080609	-0.0989945105	-0.0256229823	0.0763904109	0.0930131259	0.0056639705	-0.0880164806
1.0	-0.0069159115743957	0.067558416401539	0.615848019495516	-5.564971324021335e-05	0.0010849968483277	0.0002760304939415	0.0065440298617006	0.0275062146784677	-0.0067042371181997	-0.0002269592160638	-0.0002570280201271	-8.354993688600013e-06	4.78298329048604e-05	0.0045641396266837	0.3792687831165495	3.096890583717976e-09	1.177218160881042e-06	7.619283358558846e-08	4.282432683082917e-05	0.0007565918459379	4.494679533704776e-05	5.151048575630071e-08	6.6063403130457e-08	6.980591953654606e-11	0.0430980853	-0.0642397205	-0.097913746	-0.0193099375	0.0814366042	0.0887996743	-0.0056639705	-0.0936327321
1.0	-0.0082470892902648	0.0711208042454814	0.6033046421648436	0.0001088380911275	0.0012710145165062	0.0002549305570298	-0.001331177715869	0.0035623878439423	-0.0125433773306724	0.0001644878043677	0.0001860176681785	-2.109993691169998e-05	6.801448176160034e-05	0.005058168796524	0.3639764912576499	1.1845730080277997e-08	1.6154779011694894e-06	6.498958890752411e-08	1.772034111226473e-06	1.26906071506685e-05	0.0001573363148596	2.7056237785711144e-08	3.4602572874566565e-08	4.4520733767771917e-10	0.0416282462	-0.0667053695	-0.0966066266	-0.012917544	0.0859600226	0.0837655561	-0.0169206838	-0.0977115367
1.0	0.0002255806122946	0.0627126421358923	0.6110577179019856	0.0002323645146576	0.0006010525260746	0.0004509302627327	0.0084726699025593	-0.008408162109589	0.007753075737142	0.00012352642353	-0.0006699619904316	0.0001959997057029	5.088661264320664e-08	0.0039328754836644	0.3733915346075826	5.3993267672062e-08	3.6126413910065777e-07	2.0333810184818185e-07	7.178613527773589e-05	7.06971900611298e-05	6.011018338586016e-05	1.5258777310137642e-08	4.488490686230713e-07	3.8415884635623424e-08	0.0401477124	-0.0691024742	-0.0950761739	-0.0064720696	0.0899316284	0.0779572956	-0.0279646096	-0.1001859206
1.0	0.0071942553057198	0.0469067556718698	0.6325114588632204	0.000542922598683	0.0006010694906684	0.0002568363670317	0.0069686746934252	-0.0158058864640225	0.0214537409612347	0.0003105580840254	1.6964593799943632e-08	-0.000194093895701	5.17573094038775e-05	0.0022002437276604	0.4000707455932793	2.947649481607019e-07	3.6128453261236977e-07	6.596491943004211e-08	4.856242698278481e-05	0.0002498260469135	0.0004602630012317	9.644632355352742e-08	2.8779744279708593e-16	3.767244034839068e-08	0.0386568643	-0.0714285714	-0.0933259261	-0.0	0.0933259261	0.0714285714	-0.0386568643	-0.1010152545
1.0	0.0034293532944076	0.047607588896497	0.6638854307154674	0.0004859180549184	0.0006010658112303	0.0002718540043959	-0.0037649020113122	0.0007008332246272	0.0313739718522469	-5.700454376460001e-05	-3.6794381000132205e-09	1.5017637364200028e-05	1.176046401786426e-05	0.0022664825205378	0.4407438651162616	2.3611635609568125e-07	3.612801094299386e-07	7.390459970608603e-08	1.4174487154782653e-05	4.911672087413645e-07	0.0009843261097855	3.2495180098101982e-09	1.3538264731828897e-17	2.255294320026168e-10	0.0371560849	-0.073681271	-0.0913599293	0.0064720696	0.0961211263	0.0642397205	-0.0488629865	-0.1001859206
1.0	-0.0012144663824216	0.0726383171849249	0.6402559751188193	0.0001869192024653	0.0006010245622953	0.000268943350467	-0.0046438196768292	0.0250307282884279	-0.023629455596648	-0.0002989988524531	-4.124893499999564e-08	-2.9106539289000272e-06	1.474928594032208e-06	0.0052763251234577	0.4099277136753501	3.493878825026381e-08	3.612305244822569e-07	7.233052576041558e-08	2.1565061190906056e-05	0.0006265373586491	0.0005583511717939	8.940031376827069e-08	1.701474638633865e-15	8.471906293821165e-12	0.0356457599	-0.0758582581	-0.0891827284	0.012917544	0.0982992856	0.0564571806	-0.0584546282	-0.0977115367
1.0	0.0003931377716952	0.0608946692864122	0.6396685363419863	0.0009889079307767	0.0008901025292793	0.0002065596859399	0.0016076041541168	-0.0117436478985127	-0.0005874387768329	0.0008019887283114	0.000289077966984	-6.238366452709999e-05	1.5455730753346717e-07	0.0037081607475015	0.409175836385899	9.779388955530546e-07	7.922825126294071e-07	4.266690385559013e-08	2.584391116333592e-06	0.0001379132659642	3.450843165270306e-07	6.431859203385367e-07	8.356607099560264e-08	3.891721599829754e-09	0.0341262771	-0.0779572956	-0.0867993568	0.0193099375	0.0998464214	0.0481528762	-0.0673111691	-0.0936327321
1.0	-0.0035072633113912	0.0387111071866996	0.6615948244580778	0.0003949098234792	0.0007180498750296	0.0002518578854131	-0.0039004010830864	-0.0221835620997125	0.0219262881160915	-0.0005939981072975	-0.0001720526542497	4.5298199473200014e-05	1.2300895935430768e-05	0.0014985498196201	0.4377077117497148	1.5595376868037294e-07	5.155956230300241e-07	6.343239444475824e-08	1.5213128608941564e-05	0.0004921104274318	0.0004807621105498	3.528337514730125e-07	2.9602115834366813e-08	2.051926875513818e-09	0.032598027	-0.0799762268	-0.0842153241	0.0256229823	0.1007526021	0.0394035537	-0.075321233	-0.0880164806
1.0	-0.0102907279417365	0.0462494715262096	0.6499268260922548	0.0007698675109276	0.0007641342152777	0.000347705791996	-0.0067834646303453	0.0075383643395099	-0.0116679983658229	0.0003749576874483	4.608434024810004e-05	9.584790658289998e-05	0.0001058990815708	0.0021390136164536	0.422404879274352	5.926959843818582e-07	5.839010989580665e-07	1.208993177875656e-07	4.6015392391145705e-05	5.682693691519597e-05	0.0001361421858648	1.40593267376652e-07	2.123766416102653e-09	9.186821196324324e-09	0.0310614022	-0.081912977	-0.0814366042	0.0318307368	0.1010120104	0.0302900726	-0.0823840887	-0.0809550009
1.0	-0.0074728248960695	0.0462759155901011	0.6569781159695509	0.0008444177407325	0.0006011159848662	0.0002747462578006	0.002817903045667	2.6444063891503663e-05	0.007051289877296	7.45502298049001e-05	-0.0001630182304115	-7.295953419539998e-05	5.584311192731614e-05	0.0021414603637021	0.4316202448629007	7.130413208637797e-07	3.613404272616617e-07	7.548550617543377e-08	7.940577574779358e-06	6.99288515097928e-10	4.972068893365824e-05	5.557736763963415e-09	2.6574943446496907e-08	5.3230936300097395e-09	0.0295167975	-0.0837655561	-0.0784696209	0.037907692	0.1006229812	0.0208966574	-0.0884109167	-0.0725642424
1.0	-0.0067631778119334	0.0462556962357467	0.6541283269789915	0.0007339191158171	0.0006010988344498	0.0002697796162711	0.000709647084136	-2.0219354354401864e-05	-0.0028497889905594	-0.0001104986249154	-1.7150416399980967e-08	-4.966641529500007e-06	4.5740574115828255e-05	0.0021395894342536	0.4278838681563344	5.386372685617538e-07	3.613198087769082e-07	7.278104135538196e-08	5.035989840228688e-07	4.088222905088696e-10	8.121297290713747e-06	1.2209946108194264e-08	2.941367826927361e-16	2.4667528082554168e-11	0.0279646096	-0.0855320604	-0.075321233	0.0438288763	0.0995880118	0.01131012	-0.0933259261	-0.062981981
1.0	-0.0022823742189785	0.0462434634537629	0.6673464559285378	0.0007959125200039	0.0006011160571177	0.0002912604924977	0.0044808035929549	-1.2232781983798067e-05	0.0132181289495463	6.199340418680001e-05	1.7222667899902816e-08	2.1480876226600003e-05	5.209232075457718e-06	0.0021384579121995	0.4453512922403798	6.334767394989586e-07	3.6134051412472993e-07	8.483267449000276e-08	2.007760083863755e-05	1.496409550631346e-10	0.0001747189329268	3.843182162667953e-09	2.9662028959034293e-16	4.6142804346250916e-10	0.0264052374	-0.0872106748	-0.0719987191	0.0495699584	0.097913746	0.0016190571	-0.0970673078	-0.0523655572
1.0	-0.0151363868330349	0.0863222305139572	0.6460474581896989	0.0003030383537102	0.001322106464445	0.0006993002612402	-0.0128540126140564	0.0400787670601942	-0.0212989977388389	-0.0004928741662937	0.0007209904073273	0.0004080397687424	0.0002291102063592	0.0074515274809047	0.4173773182333707	9.18322438193883e-08	1.747965503327258e-06	4.890208553706119e-07	0.0001652256402823	0.0016063075690653	0.000453647304679	2.429249437997099e-07	5.19827167457986e-07	1.6649645287543289e-07	0.0248390815	-0.0887996743	-0.06850976	0.0551073469	0.0956109317	-0.0080869688	-0.0995880118	-0.0408892924
1.0	-0.0176425839577518	0.0658950795012032	0.6372233381102603	0.0011296745303159	0.0013302824178611	0.0004902484315106	-0.0025061971247169	-0.0204271510127539	-0.0088241200794385	0.0008266361766056	8.175953416099998e-06	-0.0002090518297295	0.0003112607687063	0.0043421615024698	0.4060535826323831	1.276164544444449e-06	1.7696513112703745e-06	2.403435245986035e-07	6.281024027939265e-06	0.0004172684984978	7.786509517635074e-05	6.833273684732898e-07	6.684621426223721e-11	4.3702667513293655e-08	0.0232665442	-0.0902974261	-0.0648624214	0.0604182874	0.0926943516	-0.0177182567	-0.1008563388	-0.0287416266
1.0	-0.0120408875174717	0.0540283046659908	0.648501397634746	0.0010350602944661	0.00126186246473	0.000698347950913	0.0056016964402801	-0.0118667748352123	0.0112780595244856	-9.46142358498e-05	-6.841995313109999e-05	0.0002080995194024	0.0001449829722084	0.0029190577050811	0.4205540627342189	1.0713498131802494e-06	1.5922968798944706e-06	4.876898605443859e-07	3.1379003009046766e-05	0.0001408203449896	0.0001271946266378	8.95185362544158e-09	4.681289986461919e-09	4.3305409975509863e-08	0.0216880296	-0.0917023912	-0.0610651352	0.0654809563	0.0891827284	-0.0271857966	-0.1008563388	-0.016122024
1.0	-0.0115549509534673	0.0721152376216593	0.6184678300644748	0.0006821088470467	0.0014451860142985	0.0005420075921514	0.0004859365640043	0.0180869329556685	-0.0300335675702712	-0.0003529514474193	0.0001833235495685	-0.0001563403587616	0.000133516891537	0.0052006074972283	0.3825024568246601	4.6527247921937833e-07	2.0885626159239844e-06	2.937722299497584e-07	2.361343442364021e-07	0.0003271371437428	0.000902015180998	1.2457472423544942e-07	3.3607523826394304e-08	2.44423077777058e-08	0.0201039431	-0.0930131259	-0.0571266799	0.0702745499	0.0850986047	-0.0364020914	-0.0995880118	-0.0032376983
1.0	-0.0219146431864061	0.0791715638277423	0.6170442586108464	0.0008219995423153	0.0014367837910285	0.0006984104817915	-0.0103596922329388	0.0070563262060829	-0.0014235714536283	0.0001398906952686	-8.402223270000163e-06	0.0001564028896401	0.0004802515859874	0.0062681365189302	0.3807436170846091	6.756832475665627e-07	2.064347662162228e-06	4.877772010762352e-07	0.0001073232231612	4.97917395266537e-05	2.0265556835855887e-06	1.9569406622732308e-08	7.059735587893224e-11	2.4461863887773313e-08	0.0185146917	-0.0942282833	-0.0530561602	0.0747793702	0.080468198	-0.0452819664	-0.0970673078	0.0096997904
1.0	-0.0196653205077126	0.0923810483382681	0.6102942175144364	0.0011631345027309	0.001047906566554	0.0006983915299551	0.0022493226786934	0.0132094845105257	-0.00675004109641	0.0003411349604156	-0.0003888772244744	-1.895183640002098e-08	0.000386724830671	0.0085342580920774	0.3724590319315581	1.352881871443058e-06	1.0981081722269929e-06	4.877507291130253e-07	5.059452512884896e-06	0.0001744904810338	4.5563054803225086e-05	1.16373061217753e-07	1.5122549571499057e-07	3.591721029331602e-16	0.0169206838	-0.0953466148	-0.0488629865	0.0789769061	0.075321233	-0.0537433556	-0.0933259261	0.0224780088
1.0	-0.021605097561391	0.0631775375404828	0.6119274420449443	0.0011551065534688	0.0012438629370794	0.0006347825219468	-0.0019397770536783	-0.0292035107977852	0.0016332245305079	-8.027949262099992e-06	0.0001959563705254	-6.360900800830003e-05	0.0004667802406372	0.0039914012496791	0.3744551943276686	1.3342711498665697e-06	1.5471950062397915e-06	4.029488501691396e-07	3.762735017977249e-06	0.0008528450429163	2.667422367052945e-06	6.444796935485182e-11	3.8398899149487865e-08	4.046105899799977e-09	0.0153223288	-0.0963669712	-0.0445568522	0.082849909	0.0696907501	-0.0617080609	-0.0884109167	0.0348871389
1.0	-0.0180582481614095	0.0664588891862365	0.6300992877825422	0.0010830366655213	0.0013298792006855	0.0006982808442529	0.0035468493999815	0.0032813516457537	0.0181718457375978	-7.206988794749994e-05	8.601626360610001e-05	6.349832230610004e-05	0.000326100326659	0.0044167839518684	0.3970251124640669	1.1729684188634963e-06	1.7685786884159045e-06	4.875961374505428e-07	1.258014066614913e-05	1.0767268623090531e-05	0.000330215977511	5.1940687487651985e-09	7.398797604754084e-09	4.032036935689362e-09	0.0137200373	-0.097288304	-0.0401477124	0.0863824638	0.0636128936	-0.0691024742	-0.0823840887	0.0467234231
1.0	-0.0185673036954057	0.0647425650732458	0.6301555297679045	0.0006579344223803	0.0014357604355563	0.0007880282945318	-0.0005090555339961	-0.0017163241129907	5.624198536224867e-05	-0.000425102243141	0.0001058812348707	8.974745027889993e-05	0.0003447447665174	0.0041915997322634	0.3970959916970683	4.32877704152899e-07	2.061408028308816e-06	6.209885929826972e-07	2.591375366921556e-07	2.9457684608333315e-06	3.1631609174873942e-09	1.8071191712351e-07	1.1210835897765482e-08	8.054604831563615e-09	0.0121142211	-0.0981096665	-0.0356457599	0.0895600545	0.0571266799	-0.0758582581	-0.075321233	0.05779251
1.0	-0.0224611012550184	0.0616441342572073	0.6225899633045202	0.0003280016976662	0.0014266158138338	0.0006992664241866	-0.0038937975596127	-0.0030984308160385	-0.0075655664633842	-0.0003299327247141	-9.144621722499864e-06	-8.876187034519991e-05	0.0005045010695881	0.0037999992883205	0.3876182624075238	1.0758511367190929e-07	2.035232680280676e-06	4.889735319947141e-07	1.5161659435245824e-05	9.600273521777005e-06	5.723779591188437e-05	1.0885560283727009e-07	8.362410644761638e-11	7.878669627178079e-09	0.0105052926	-0.0988302147	-0.0310614022	0.0923696238	0.0502737465	-0.081912977	-0.0673111691	0.0679126455
1.0	-0.017086399115584	0.0535117614993225	0.6397086520185411	0.0007100719382113	0.0013402274178846	0.0006390247718485	0.0053747021394344	-0.0081323727578848	0.0171186887140208	0.0003820702405451	-8.638839594920004e-05	-6.024165233810004e-05	0.000291945034737	0.0028635086187603	0.4092271594673789	5.042021574351523e-07	1.7962095316496222e-06	4.083526590360275e-07	2.888742308764072e-05	6.613548667318686e-05	0.0002930495032875	1.4597766871019064e-07	7.462954954675761e-09	3.6290566764245134e-09	0.0088936652	-0.0994492082	-0.0264052374	0.0947996265	0.0430980853	-0.0872106748	-0.0584546282	0.0769176572
1.0	-0.019148849306859	0.0619055445863665	0.6455838577271464	0.0002720434618037	0.001467085900062	0.0006228004802858	-0.0020624501912749	0.0083937830870439	0.0058752057086053	-0.0004380284764076	0.0001268584821774	-1.6224291562699994e-05	0.0003666784297767	0.0038322964505346	0.4167785173578645	7.400764511014118e-08	2.152341038160729e-06	3.878804382442232e-07	4.253700791490283e-06	7.045559451234589e-05	3.4518042118428723e-05	1.918689461439634e-07	1.6093074500353738e-08	2.632276367114982e-10	0.007279753	-0.0999660109	-0.0216880296	0.0968400771	0.0356457599	-0.0917023912	-0.0488629865	0.0846596832
1.0	-0.0194504230397285	0.0376187893747328	0.6454775416704592	0.0005890295899098	0.0013467064147905	0.0006991038632242	-0.0003015737328695	-0.0242867552116336	-0.0001063160566872	0.000316986128106	-0.0001203794852715	7.630338293839996e-05	0.0003783189564244	0.0014151733140205	0.4166412568009394	3.469558577893071e-07	1.813618167637882e-06	4.887462115750009e-07	9.094671635684492e-08	0.0005898464787098	1.130310390951713e-08	1.004802054116968e-07	1.4491220474231328e-08	5.822206247844106e-09	0.0056639705	-0.1003800917	-0.0169206838	0.0984825911	0.0279646096	-0.0953466148	-0.0386568643	0.0910115994
1.0	-0.0305815004719676	0.0626352571949837	0.6253427362319144	0.0006209755343216	0.0015027139220264	0.0006990337825716	-0.0111310774322391	0.0250164678202508	-0.0201348054385448	3.1945944411800086e-05	0.0001560075072359	-7.008065259995947e-08	0.0009352281711169	0.0039231754438817	0.3910535377580176	3.856106142259967e-07	2.2581491314519654e-06	4.886482291763589e-07	0.0001239008848025	0.0006258236622016	0.000405410390048	1.0205433643618211e-09	2.433834231395941e-08	4.911297868836204e-15	0.0040467329	-0.1006910253	-0.0121142211	0.099720419	0.0201039431	-0.0981096665	-0.0279646096	0.0958691078
1.0	-0.0237269700051285	0.0774247570405179	0.6382762991639055	0.0003570484456965	0.0012921253627962	0.0006992699107388	0.0068545304668391	0.0147894998455342	0.0129335629319911	-0.0002639270886251	-0.0002105885592301	2.36128167199973e-07	0.0005629691056242	0.0059945930027832	0.4073966340743714	1.2748359257428652e-07	1.6695879531812116e-06	4.889784080646493e-07	4.698458792082549e-05	0.000218729305681	0.0001672770501157	6.965750811012142e-08	4.434754127865144e-08	5.5756511345218404e-14	0.0024284557	-0.100898492	-0.007279753	0.1005484744	0.0121142211	-0.0999660109	-0.0169206838	0.099152448
1.0	-0.0114581915981659	0.0635741097348159	0.6410173982813347	0.0001681048393406	0.0011310588042541	0.0006994054730969	0.0122687784069625	-0.0138506473057019	0.0027410991174292	-0.0001889436063559	-0.0001610665585421	1.3556235810003973e-07	0.0001312901547002	0.0040416674285744	0.4109033048993713	2.8259237009728946e-08	1.2792940186807147e-06	4.891680157978986e-07	0.0001505229235991	0.0001918404307869	7.513624371571455e-06	3.569968638277329e-08	2.5942436280595733e-08	1.8377152933643407e-14	0.0008095546	-0.1010022786	-0.0024284557	0.1009633545	0.0040467329	-0.100898492	-0.0056639705	0.1008077078
1.0	-0.0031966866308863	0.0829595285232613	0.6407864668359622	0.000326189295617	0.0008891146651561	0.000699355165465	0.0082615049672796	0.0193854187884453	-0.0002309314453725	0.0001580844562764	-0.000241944139098	-5.0307631900017e-08	1.0218805416087203e-05	0.0068822833728018	0.4106072960801156	1.0639945657511464e-07	7.905248877956438e-07	4.890976474625776e-07	6.82524643243855e-05	0.0003757944616034	5.3329332461860564e-08	2.4990695316205023e-08	5.85369664438724e-08	2.530857827387607e-15	-0.0008095546	-0.1010022786	0.0024284557	0.1009633545	-0.0040467329	-0.100898492	0.0056639705	0.1008077078
1.0	-0.018509375048282	0.1042117701248059	0.6388566344226945	0.0005691800106017	0.0009171996248094	0.0006992391892115	-0.0153126884173957	0.0212522416015445	-0.0019298324132677	0.0002429907149847	2.808495965330002e-05	-1.1597625349999125e-07	0.0003425969646779	0.0108600930325453	0.4081377993458923	3.2396588446855137e-07	8.412551517505042e-07	4.88935443729156e-07	0.0002344784265682	0.0004516577730904	3.724253143298705e-06	5.904448756877574e-08	7.8876495872749e-10	1.3450491375894232e-14	-0.0024284557	-0.100898492	0.007279753	0.1005484744	-0.0121142211	-0.0999660109	0.0169206838	0.099152448
1.0	-0.0082107733687877	0.075021761625166	0.639811793285233	0.0006137898008273	0.0006012146418077	0.0006993152249145	0.0102986016794943	-0.0291900084996399	0.0009551588625384	4.460979022559994e-05	-0.0003159849830017	7.603570300002226e-08	6.741679931359331e-05	0.0056282647173432	0.4093591308268657	3.767379195996166e-07	3.61459045523961e-07	4.890417837972178e-07	0.0001060611965528	0.000852056596209	9.123284526858348e-07	1.990033383972032e-09	9.984650948258469e-08	5.7814281307075925e-15	-0.0040467329	-0.1006910253	0.0121142211	0.099720419	-0.0201039431	-0.0981096665	0.0279646096	0.0958691078
1.0	-0.0152103820383757	0.05386960160628	0.6580216372713181	0.0006147898090458	0.0006012151815955	0.0006993150646618	-0.006999608669588	-0.0211521600188859	0.0182098439860851	1.000008218500015e-06	5.397878000698922e-10	-1.6025269999886402e-10	0.0002313557217533	0.0029019339772193	0.4329924751172261	3.779665093065712e-07	3.614596945809101e-07	4.890415596629376e-07	4.89945215273715e-05	0.0004474138734645	0.0003315984179975	1.000016437067574e-12	2.913708691042939e-19	2.568092785692592e-20	-0.0056639705	-0.1003800917	0.0169206838	0.0984825911	-0.0279646096	-0.0953466148	0.0386568643	0.0910115994
1.0	-0.0181014911262167	0.0536077084932458	0.6621162290673936	0.0003098078863712	0.0006010987893352	0.0006394070356482	-0.002891109087841	-0.0002618931130341	0.0040945917960755	-0.0003049819226746	-1.1639226030007133e-07	-5.990802901360002e-05	0.0003276639809925	0.0028737864098968	0.4383979007944253	9.59809264577904e-08	3.613197545402431e-07	4.088413572364186e-07	8.358511757796827e-06	6.858800265474384e-08	1.676568197648895e-05	9.301397315829568e-08	1.3547158257759556e-14	3.588971940294341e-09	-0.007279753	-0.0999660109	0.0216880296	0.0968400771	-0.0356457599	-0.0917023912	0.0488629865	0.0846596832
1.0	-0.0169449316969831	0.053705486362034	0.6577804350758782	0.0002613132338972	0.0006010811489629	0.0006199216218952	0.0011565594292336	9.777786878819444e-05	-0.0043357939915154	-4.8494652474000014e-05	-1.76403722999428e-08	-1.948541375300004e-05	0.0002871307102154	0.0028842792653826	0.4326751007686116	6.828460620981275e-08	3.6129854763856e-07	3.8430281729317533e-07	1.337629713349154e-06	9.560511624761369e-09	1.879910953686106e-05	2.3517313185740355e-09	3.1118273488058925e-16	3.796813491256029e-10	-0.0088936652	-0.0994492082	0.0264052374	0.0947996265	-0.0430980853	-0.0872106748	0.0584546282	0.0769176572
1.0	-0.0258157377732572	0.0535915939142768	0.6478043829695252	0.0002087902907269	0.0006010727900909	0.0006994374220574	-0.0088708060762741	-0.0001138924477571	-0.0099760521063529	-5.25229431703e-05	-8.358872000059811e-09	7.951580016220001e-05	0.0006664523167775	0.0028720589382727	0.4196505185945273	4.3593385501823424e-08	3.612884989876591e-07	4.892127073743015e-07	7.86912004428615e-05	1.2971489656125792e-08	9.952161562867004e-05	2.758659559270563e-09	6.987074111338388e-17	6.322762475434927e-09	-0.0105052926	-0.0988302147	0.0310614022	0.0923696238	-0.0502737465	-0.081912977	0.0673111691	0.0679126455
1.0	-0.0270473935751027	0.0535090663310739	0.616835974313787	0.0001680468584009	0.0012970592837788	0.0006993910921205	-0.0012316558018455	-8.252758320290154e-05	-0.0309684086557382	-4.074343232599999e-05	0.0006959864936879	-4.6329936900031856e-08	0.0007315614992065	0.0028632201796232	0.3804866192076389	2.8239746618412146e-08	1.682362785636774e-06	4.891478997375057e-07	1.5169760142196848e-06	6.8108019893118375e-09	0.0009590423346688	1.660027277703341e-09	4.843971993959775e-07	2.146463053160933e-15	-0.0121142211	-0.0981096665	0.0356457599	0.0895600545	-0.0571266799	-0.0758582581	0.075321233	0.05779251
1.0	-0.0213867033759527	0.0618098707415555	0.6168126320388154	0.0004500531379481	0.0012791628397212	0.0006992127513672	0.00566069019915	0.0083008044104816	-2.334227497158281e-05	0.0002820062795471	-1.7896444057600037e-05	-1.7834075330001777e-07	0.0004573910812909	0.0038204601210877	0.3804578230426511	2.025478269769316e-07	1.6362575705236046e-06	4.888984716744897e-07	3.2043413530752886e-05	6.890335386107082e-05	5.44861800848981e-10	7.952754170405349e-08	3.202827099068077e-10	3.18054242876178e-14	-0.0137200373	-0.097288304	0.0401477124	0.0863824638	-0.0636128936	-0.0691024742	0.0823840887	0.0467234231
1.0	-0.0240069236837712	0.076144085807627	0.6063467546189258	0.0005609932461956	0.0014511972459754	0.0006990934584577	-0.0026202203078184	0.0143342150660714	-0.0104658774198895	0.0001109401082475	0.0001720344062541	-1.1929290949996233e-07	0.0005763323847584	0.0057979218034792	0.3676563868369039	3.147134222770771e-07	2.1059734467265856e-06	4.88731663658348e-07	6.865554461504472e-06	0.0002054697215603	0.0001095345901681	1.2307707617967021e-08	2.9595836935235103e-08	1.4230798256966203e-14	-0.0153223288	-0.0963669712	0.0445568522	0.082849909	-0.0696907501	-0.0617080609	0.0884109167	0.0348871389
1.0	-0.0090109427973317	0.0766801862672537	0.6004427057713713	0.0012512884700128	0.0015360815858489	0.0009280399612653	0.0149959808864394	0.0005361004596267	-0.0059040488475545	0.0006902952238172	8.488433987349992e-05	0.0002289465028075	8.119709009678404e-05	0.0058798509659807	0.3605314429140455	1.565722835186974e-06	2.3595466383840714e-06	8.612581697052995e-07	0.0002248794427464	2.8740370281196904e-07	3.485779279431053e-05	4.7650749602483833e-07	7.205351155759848e-09	5.241650114783039e-08	-0.0169206838	-0.0953466148	0.0488629865	0.0789769061	-0.075321233	-0.0537433556	0.0933259261	0.0224780088
1.0	-0.0149257093965786	0.0632507732693312	0.5860649561351607	0.0004951301979388	0.00185623377367	0.0009380410722666	-0.0059147665992469	-0.0134294129979224	-0.0143777496362105	-0.000756158272074	0.0003201521878211	1.000111100129999e-05	0.0002227768009911	0.0040006603191683	0.3434721328097079	2.451539129109153e-07	3.4456038225131683e-06	8.799210532590726e-07	3.498446392356675e-05	0.0001803491334687	0.0002067196846015	5.717753324259376e-07	1.024974233666369e-07	1.000222212603237e-10	-0.0185146917	-0.0942282833	0.0530561602	0.0747793702	-0.080468198	-0.0452819664	0.0970673078	0.0096997904
1.0	-0.015370226535893	0.0760393692390408	0.6005761680262935	0.0002467249276626	0.0017421107938695	0.0008897854661752	-0.0004445171393144	0.0127885959697095	0.0145112118911328	-0.0002484052702762	-0.0001141229798004	-4.825560609139992e-05	0.0002362438637646	0.0057819856742711	0.3606917336011467	6.08731899301152e-08	3.0349500181166194e-06	7.917181758166181e-07	1.975954871442581e-07	0.0001635481868764	0.0002105752705493	6.170517830099197e-08	1.3024054518545329e-08	2.328603519248353e-09	-0.0201039431	-0.0930131259	0.0571266799	0.0702745499	-0.0850986047	-0.0364020914	0.0995880118	-0.0032376983
1.0	-0.0158456422319943	0.0725980767375062	0.600462704518975	6.271549933124126e-05	0.0016710313859584	0.0009389479910366	-0.0004754156961012	-0.0034412925015345	-0.0001134635073185	-0.0001840094283313	-7.107940791110001e-05	4.916252486139995e-05	0.0002510843777443	0.0052704807459848	0.3605554595182418	3.933233856366922e-09	2.7923458928580507e-06	8.816233298716671e-07	2.2602008409948174e-07	1.1842494081118198e-05	1.2873967493028096e-08	3.3859469714833444e-08	5.0522822289925474e-09	2.416953850747768e-09	-0.0216880296	-0.0917023912	0.0610651352	0.0654809563	-0.0891827284	-0.0271857966	0.1008563388	-0.016122024
1.0	-0.0239136253772045	0.0804001741234543	0.6005232119763946	-2.2685017952947008e-06	0.0015619993478708	0.0009840021790891	-0.0080679831452102	0.007802097385948	6.050745741958963e-05	-6.498400112653596e-05	-0.0001090320380875	4.50541880525e-05	0.0005718614786812	0.0064641879990817	0.3606281281224457	5.1461003952552806e-12	2.4398419627488045e-06	9.682602884520971e-07	6.50923520313959e-05	6.087272361981797e-05	3.661152403383452e-09	4.2229204024136264e-09	1.1887985329535841e-08	2.029879861070033e-09	-0.0232665442	-0.0902974261	0.0648624214	0.0604182874	-0.0926943516	-0.0177182567	0.1008563388	-0.0287416266
1.0	-0.0319521803836977	0.0850471292454813	0.6003520824339148	8.911896857634577e-05	0.0016750436429642	0.0010519259773144	-0.0080385550064932	0.004646955122027	-0.0001711295424797	9.138747037164048e-05	0.0001130442950934	6.792379822529999e-05	0.0010209418312723	0.0072330141928976	0.360422622882738	7.942190560111704e-09	2.8057712058347784e-06	1.1065482617488554e-06	6.461836659241692e-05	2.1594191906133044e-05	2.9285320309337256e-08	8.351669740927464e-09	1.277901265316372e-08	4.613642365351266e-09	-0.0248390815	-0.0887996743	0.06850976	0.0551073469	-0.0956109317	-0.0080869688	0.0995880118	-0.0408892924
1.0	-0.0227622560998526	0.0944196135851029	0.6135288392391658	0.0005098330924577	0.0015622188351271	0.0008541021311792	0.0091899242838451	0.0093724843396215	0.0131767568052509	0.0004207141238813	-0.0001128248078371	-0.0001978238461351	0.0005181203027552	0.0089150634295601	0.3764176365781581	2.599297821649817e-07	2.440527688825873e-06	7.294904504848514e-07	8.445470834280592e-05	8.784346269645205e-05	0.0001736269199047	1.770003740332555e-07	1.2729437263478553e-08	3.913427409972327e-08	-0.0264052374	-0.0872106748	0.0719987191	0.0495699584	-0.097913746	0.0016190571	0.0970673078	-0.0523655572
1.0	-0.0306804240765785	0.0912120419688164	0.6003857611090098	0.0005099541757061	0.0015621801015697	0.0006991022168351	-0.0079181679767258	-0.0032075716162865	-0.013143078130156	1.210832483999891e-07	-3.87335574001009e-08	-0.0001549999143441	0.0009412884215186	0.0083196366001211	0.3604630621424449	2.60053261320088e-07	2.440406669740318e-06	4.887439095837511e-07	6.26973841076475e-05	1.0288515673606793e-05	0.0001727405027353	1.4661153043093456e-14	1.500288468866911e-15	2.402497344667836e-08	-0.0279646096	-0.0855320604	0.075321233	0.0438288763	-0.0995880118	0.01131012	0.0933259261	-0.062981981
1.0	-0.0277398930907537	0.0947116946274349	0.6280819253735928	0.0007598138309344	0.0015628351471685	0.000878907068104	0.0029405309858247	0.0034996526586184	0.0276961642645829	0.0002498596552282	6.550455988001396e-07	0.0001798048512689	0.0007695016686864	0.0089703050992004	0.3944869049809993	5.773170576792089e-07	2.4424536972251875e-06	7.724776343631694e-07	8.646722478595753e-06	1.2247568730975529e-05	0.0007670775149707	6.242984731080492e-08	4.2908473650743353e-13	3.2329784539831286e-08	-0.0295167975	-0.0837655561	0.0784696209	0.037907692	-0.1006229812	0.0208966574	0.0884109167	-0.0725642424
1.0	-0.0295465891914403	0.0857368948218919	0.6260023448564453	0.0005432498458816	0.0015622620352881	0.0009610766940172	-0.0018066961006865	-0.0089747998055429	-0.0020795805171474	-0.0002165639850527	-5.731118804001498e-07	8.216962591319995e-05	0.0008730009328477	0.0073508151337001	0.3918789357657679	2.9512039505038217e-07	2.440662666902516e-06	9.236684117830306e-07	3.2641508002361577e-06	8.054703154957465e-05	4.324655127299072e-06	4.6899959621949373e-08	3.284572274557956e-13	6.751847422715221e-09	-0.0310614022	-0.081912977	0.0814366042	0.0318307368	-0.1010120104	0.0302900726	0.0823840887	-0.0809550009
1.0	-0.0262034328570592	0.0944663476233245	0.6133658058923146	0.0003047535228419	0.0015621469136237	0.0009557628712244	0.003343156334381	0.0087294528014326	-0.0126365389641307	-0.0002384963230397	-1.1512166439987641e-07	-5.3138227927999925e-06	0.0006866198934944	0.0089238908332907	0.3762176118379285	9.287470968454845e-08	2.440302979744052e-06	9.13482666011109e-07	1.1176694276112467e-05	7.620334621243946e-05	0.0001596821169919	5.688049610345696e-08	1.325299761419777e-14	2.8236712673280712e-11	-0.032598027	-0.0799762268	0.0842153241	0.0256229823	-0.1007526021	0.0394035537	0.075321233	-0.0880164806
1.0	-0.0274868383429947	0.0943288004159796	0.6098266692627021	0.0002877744513425	0.0015621348993937	0.0009292755805795	-0.0012834054859355	-0.0001375472073448	-0.0035391366296124	-1.6979071499399962e-05	-1.2014229999962949e-08	-2.6487290644900022e-05	0.0007555262820939	0.0088979225879177	0.371888566544041	8.281413484547692e-08	2.4402654439037654e-06	8.635531046613667e-07	1.6471296413293407e-06	1.8919234248378992e-08	1.2525488083064724e-05	2.882888689817361e-10	1.4434172249200968e-16	7.015765657074082e-10	-0.0341262771	-0.0779572956	0.0867993568	0.0193099375	-0.0998464214	0.0481528762	0.0673111691	-0.0936327321
1.0	-0.0251355816805443	0.1143943118716492	0.5854380532293249	0.0009111241412485	0.0015630122007681	0.0011217940896471	0.0023512566624504	0.0200655114556695	-0.0243886160333772	0.000623349689906	8.773013743998675e-07	0.0001925185090676	0.0006317974664193	0.0130860585885881	0.3427377141689418	8.301472007658166e-07	2.443007139749939e-06	1.258421979567166e-06	5.528407892717409e-06	0.0004026247499776	0.0005948045920235	3.8856483590590644e-07	7.696577015238967e-13	3.7063376333611616e-08	-0.0356457599	-0.0758582581	0.0891827284	0.012917544	-0.0982992856	0.0564571806	0.0584546282	-0.0977115367
1.0	-0.0064931435398705	0.0842942284444205	0.6071865820224644	0.0008329644199456	0.0010679192971292	0.0010050558701933	0.0186424381406738	-0.0301000834272286	0.0217485287931396	-7.815972130289996e-05	-0.0004950929036389	-0.0001167382194538	4.2160913029362e-05	0.0071055169490401	0.3686755453881229	6.9382972489531e-07	1.1404516251809246e-06	1.010137302210011e-06	0.0003475404998288	0.0009060150223261	0.000472998504666	6.1089420341469934e-09	2.451169832335971e-07	1.3627811881243593e-08	-0.0371560849	-0.073681271	0.0913599293	0.0064720696	-0.0961211263	0.0642397205	0.0488629865	-0.1001859206
1.0	-0.0153199854728995	0.0438228668768374	0.6363433193566976	0.0010650657518433	0.0011509032579002	0.0007558876390611	-0.008826841933029	-0.040471361567583	0.0291567373342331	0.0002321013318977	8.29839607710001e-05	-0.0002491682311321	0.0002347019548898	0.001920443661305	0.4049328200899	1.134365055749534e-06	1.3245783090452944e-06	5.713661228853639e-07	7.791313851067913e-05	0.001637931107134	0.0008501153319774	5.3871028268686324e-08	6.886337745242883e-09	6.20848074055494e-08	-0.0386568643	-0.0714285714	0.0933259261	0.0	-0.0933259261	0.0714285714	0.0386568643	-0.1010152545
1.0	-0.0079280276009399	0.0439765025117111	0.6415879475662791	0.0013580877726296	0.0011819745653818	0.000698197912337	0.0073919578719596	0.0001536356348736	0.0052446282095814	0.0002930220207862	3.10713074816e-05	-5.768972672410004e-05	6.285362164126485e-05	0.0019339327731625	0.4116350944623105	1.8444023981660285e-06	1.3970638732094952e-06	4.874803247917452e-07	5.464104118082552e-05	2.3603908303043164e-08	2.750612505673797e-05	8.586190466568683e-08	9.654261486161319e-10	3.328104569501342e-09	-0.0401477124	-0.0691024742	0.0950761739	-0.0064720696	-0.0899316284	0.0779572956	0.0279646096	-0.1001859206
1.0	-0.0128017928730344	0.1131025350510839	0.6143600770467827	0.0013868891473704	0.0013991094276473	0.0008760305008147	-0.0048737652720945	0.0691260325393728	-0.0272278705194963	2.880137474079998e-05	0.0002171348622654	0.0001778325884777	0.000163885900764	0.0127921834349816	0.3774383042689288	1.923461507093795e-06	1.957507190531555e-06	7.674294383576542e-07	2.3753587927474376e-05	0.0047784083746344	0.0007413569330264	8.295191869599911e-10	4.7147548411057566e-08	3.1624429524679e-08	-0.0416282462	-0.0667053695	0.0966066266	-0.012917544	-0.0859600226	0.0837655561	0.0169206838	-0.0977115367
1.0	-0.0006431583836246	0.0293152668554057	0.6578309334333028	0.0025639543500489	0.0014269925038745	0.0007711724355381	0.0121586344894097	-0.0837872681956782	0.04347085638652	0.0011770652026784	2.7883076227200147e-05	-0.0001048580652765	4.136527064266081e-07	0.0008593848708036	0.4327415369817304	6.573861909134676e-06	2.036307606114015e-06	5.947069253337651e-07	0.000147832392647	0.0070203063116945	0.0018897153549774	1.3854824913565778e-06	7.77465939891854e-10	1.0995213853551705e-08	-0.0430980853	-0.0642397205	0.097913746	-0.0193099375	-0.0814366042	0.0887996743	0.0056639705	-0.0936327321
1.0	-0.0188343642626307	0.0758344657412379	0.6415901918343678	0.0025641188363087	0.0010949022166626	0.0007020978608241	-0.0181912058790061	0.0465191988858322	-0.0162407415989349	1.644862598002006e-07	-0.0003320902872119	-6.907457471400005e-05	0.0003547332771774	0.0057508661942589	0.4116379742580609	6.574705406713082e-06	1.1988108640526752e-06	4.929414061737773e-07	0.0003309199713323	0.0021640358649796	0.0002637616876833	2.705572966305908e-14	1.1028395886048229e-07	4.771296871919975e-09	-0.0445568522	-0.0617080609	0.0989945105	-0.0256229823	-0.0763904109	0.0930131259	-0.0056639705	-0.0880164806
1.0	-0.0275900430712852	0.0686611039263311	0.6306607191087892	0.0030336258248267	0.0011320208291389	0.0006712845807801	-0.0087556788086545	-0.0071733618149067	-0.0109294727255786	0.0004695069885179	3.7118612476299976e-05	-3.081328004400001e-05	0.0007612104766753	0.0047143471923824	0.3977329426268151	9.202885645055476e-06	1.2814711576043229e-06	4.506229883931146e-07	7.66619114003215e-05	5.145711972756295e-05	0.0001194533740591	2.204368122672413e-07	1.377791392165732e-09	9.49458227069969e-10	-0.0460041721	-0.059112992	0.0998464214	-0.0318307368	-0.0708538361	0.0963669712	-0.0169206838	-0.0809550009
1.0	-0.018499356112386	0.0688658404685185	0.6732720166002792	0.00285595333228	0.0002032081880847	0.000495710573862	0.0090906869588992	0.0002047365421874	0.04261129749149	-0.0001776724925466	-0.0009288126410542	-0.000175574006918	0.0003422261765728	0.0047425039834354	0.4532952083370067	8.156469436161236e-06	4.1293567704666816e-08	2.457289730385934e-07	8.264058938469999e-05	4.191705170685429e-08	0.0018157226739082	3.1567514607757124e-08	8.626929221820781e-07	3.0826231905277016e-08	-0.0474396731	-0.0564571806	0.1004675095	-0.037907692	-0.0648624214	0.0988302147	-0.0279646096	-0.0725642424
1.0	-0.0208706451308842	0.0880622661206729	0.6898636906455664	0.0025798679056951	0.0005676158885705	0.0004767690065291	-0.0023712890184981	0.0191964256521544	0.0165916740452871	-0.0002760854265848	0.0003644077004858	-1.8941567332900023e-05	0.0004355838281793	0.0077549627143082	0.4759119116711217	6.655718410835622e-06	3.221877969576783e-07	2.27308685586745e-07	5.623011609250148e-06	0.0003685027578186	0.000275283647625	7.622316277256616e-08	1.3279297217334854e-07	3.587829730267853e-10	-0.0488629865	-0.0537433556	0.1008563388	-0.0438288763	-0.0584546282	0.1003800917	-0.0386568643	-0.062981981
1.0	-0.0167194220123576	0.0878567661093683	0.6967498268412413	0.0023449088442572	0.0006568355565212	0.0002857307869298	0.0041512231185266	-0.0002055000113046	0.0068861361956749	-0.0002349590614379	8.921966795070004e-05	-0.0001910382195993	0.0002795390724273	0.0077188113511962	0.4854603212032997	5.498597487875637e-06	4.314329483105146e-07	8.16420825995228e-08	1.7232653379789716e-05	4.223025464619376e-08	4.741887170538409e-05	5.520576055177896e-08	7.960149149233172e-09	3.649560134767037e-08	-0.0502737465	-0.0509743057	0.1010120104	-0.0495699584	-0.0516715908	0.1010022786	-0.0488629865	-0.0523655572
1.0	-0.0216538626527693	0.1081533742118239	0.6728275231348704	0.0025828528259605	0.0006161322016016	0.0004887047257674	-0.0049344406404117	0.0202966081024556	-0.0239223037063709	0.0002379439817033	-4.070335491960001e-05	0.0002029739388376	0.0004688897677849	0.0116971523534028	0.4526968758878045	6.6711287205721415e-06	3.796188898504347e-07	2.388323089873897e-07	2.434870443374664e-05	0.0004119523004646	0.0005722766146198	5.6617338428820487e-08	1.656763101710926e-09	4.11984198472498e-08	-0.0516715908	-0.0481528762	0.1009341646	-0.0551073469	-0.0445568522	0.1006910253	-0.0584546282	-0.0408892924
1.0	-0.0127341148635338	0.1084676550791243	0.6797963604248167	0.0027479991938203	3.290249952958568e-05	0.0002929557341974	0.0089197477892355	0.0003142808673003	0.0069688372899463	0.0001651463678598	-0.000583229702072	-0.00019574899157	0.0001621576813576	0.0117652321983638	0.4621230916468273	7.551499569237019e-06	1.082574475294386e-09	8.582306219913767e-08	7.956190062357159e-05	9.877246355109057e-08	4.856469317374679e-05	2.72733228172844e-08	3.401568853790107e-07	3.831766770067194e-08	-0.0530561602	-0.0452819664	0.1006229812	-0.0604182874	-0.0371560849	0.0994492082	-0.0673111691	-0.0287416266
1.0	-0.0094890501103037	0.1085372990547171	0.690176245567983	0.0027479977088201	3.30262072141263e-05	0.000382955410141	0.00324506475323	6.964397559279523e-05	0.0103798851431662	-1.4850002000646452e-09	1.237076845406193e-07	8.999967594359998e-05	9.004207199585467e-05	0.011780345286093	0.4763432499463167	7.55149140768052e-06	1.090730362950408e-09	1.466548461562615e-07	1.053044525265632e-05	4.850283336369857e-09	0.0001077420155853	2.2052255941920373e-18	1.5303591214401384e-14	8.099941669953011e-09	-0.0544270991	-0.0423645263	0.1000791797	-0.0654809563	-0.0295167975	0.097288304	-0.075321233	-0.016122024
1.0	-0.0105784196768325	0.0846183591093279	0.695415392635411	0.0029499686676323	0.0003477766797224	0.0001869876739221	-0.0010893695665287	-0.0239189399453891	0.005239147067428	0.0002019709588121	0.0003147504725082	-0.0001959677362189	0.0001119029628591	0.0071602666983551	0.4836025683142628	8.702315140012287e-06	1.209486189587368e-07	3.4964390198797594e-08	1.1867260524791442e-06	0.0005721156881111	2.7448661994139487e-05	4.0792268203519344e-08	9.906785994418157e-08	3.8403353638760363e-08	-0.0557840552	-0.0394035537	0.0993040172	-0.0702745499	-0.0216880296	0.0942282833	-0.0823840887	-0.0032376983
1.0	-0.0126260521903702	0.0950261509467793	0.7017535375997284	0.0026089409990435	0.0003953863994927	0.000295983832091	-0.0020476325135376	0.0104077918374514	0.0063381449643173	-0.0003410276685888	4.76097197703e-05	0.0001089961581689	0.0001594171939139	0.00902996936376	0.4924580275337333	6.806573136490096e-06	1.5633040490380097e-07	8.76064288592733e-08	4.192798910496716e-06	0.0001083221309317	4.0172081588701935e-05	1.1629987074311245e-07	2.266685416606495e-09	1.1880162495579866e-08	-0.0571266799	-0.0364020914	0.0982992856	-0.0747793702	-0.0137200373	0.0902974261	-0.0884109167	0.0096997904
1.0	-0.0111800140487758	0.0772693571783236	0.6886709063592491	0.0023989976380791	3.285620036463932e-05	0.0002969608418969	0.0014460381415943	-0.0177567937684556	-0.0130826312404792	-0.0002099433609644	-0.000362530199128	9.77009805900003e-07	0.0001249927141308	0.0059705535587513	0.4742676172656696	5.7551896675091e-06	1.079529902401325e-09	8.818574162011563e-08	2.091026306945785e-06	0.0003153037249354	0.0001711552401743	4.407621481302839e-08	1.3142814527983136e-07	9.545481608247617e-13	-0.0584546282	-0.0333632235	0.0970673078	-0.0789769061	-0.0056639705	0.0855320604	-0.0933259261	0.0224780088
1.0	-0.0142838890720895	0.0968041409557542	0.6646850299888598	0.0022129262800241	0.0005043279883574	0.0002959421603979	-0.0031038750233137	0.0195347837774305	-0.0239858763703892	-0.000186071358055	0.0004714717879927	-1.0186814990000102e-06	0.0002040294870237	0.0093710417061815	0.4418061890912915	4.897042720821301e-06	2.5434671984062176e-07	8.758176230097638e-08	9.634040160350624e-06	0.0003816077772309	0.0005753222652555	3.462255028843203e-08	2.222856468730907e-07	1.0377119964049076e-12	-0.0597675591	-0.0302900726	0.0956109317	-0.082849909	0.0024284557	0.0799762268	-0.0970673078	0.0348871389
1.0	-0.0128109388326862	0.0973616542425617	0.6585548117064661	0.0026739020699084	0.0004421031218648	0.0004509092268823	0.0014729502394033	0.0005575132868075	-0.0061302182823936	0.0004609757898843	-6.22248664926e-05	0.0001549670664844	0.0001641201537748	0.0094792917168481	0.433694440021739	7.149752279460426e-06	1.9545517036260219e-07	2.033191308875935e-07	2.1695824077582387e-06	3.108210649669061e-07	3.7579576189793774e-05	2.1249867885945442e-07	3.871934010021893e-09	2.4014791694780452e-08	-0.0610651352	-0.0271857966	0.0939335243	-0.0863824638	0.0105052926	0.073681271	-0.0995880118	0.0467234231
1.0	-0.0158924528838468	0.0886395138971636	0.6903958600008764	0.0027759374775805	0.0004499117188225	0.0002958760130516	-0.0030815140511605	-0.0087221403453981	0.0318410482944102	0.000102035407672	7.808596957700005e-06	-0.0001550332138307	0.0002525700586652	0.0078569634239254	0.4766464435063497	7.70582887943599e-06	2.024205547338163e-07	8.754261509931056e-08	9.495728847500206e-06	7.607573220482133e-05	0.0010138523564869	1.0411224418811634e-08	6.097418644780177e-11	2.4035297390675552e-08	-0.0623470231	-0.0240535853	0.0920389632	-0.0895600545	0.0185146917	0.0667053695	-0.1008563388	0.05779251
1.0	-0.029594268121059	0.0967722089953326	0.6991614902125178	0.0023299035075453	0.0006718450824918	0.0002957182811268	-0.0137018152372122	0.008132695098169	0.0087656302116414	-0.0004460339700351	0.0002219333636692	-1.5773192479998912e-07	0.0008758207056211	0.0093648604338363	0.4888267893961887	5.428450354471892e-06	4.513758148684135e-07	8.744930179258912e-08	0.0001877397407947	6.614072955978224e-05	7.683627300724135e-05	1.9894630242536165e-07	4.925441790956976e-08	2.4879360101109424e-14	-0.0636128936	-0.0208966574	0.0899316284	-0.0923696238	0.0264052374	0.059112992	-0.1008563388	0.0679126455
1.0	-0.012056451083481	0.0973922733494276	0.699262230576025	0.00288180030167	0.0006953358154013	0.0005789988333974	0.017537817037578	0.0006200643540949	0.0001007403635071	0.0005518967941247	2.349073290950005e-05	0.0002832805522706	0.0001453580127283	0.0094852549081696	0.4889676671101579	8.304772978705304e-06	4.834918961797908e-07	3.352396490755501e-07	0.0003075750264435	3.844798032192408e-07	1.0148620839554105e-08	3.045900713651216e-07	5.518145326254688e-10	8.024787129473615e-08	-0.0648624214	-0.0177182567	0.0876163914	-0.0947996265	0.0341262771	0.0509743057	-0.0995880118	0.0769176572
1.0	-0.0288017144910526	0.0980622937160404	0.6800851114924029	0.0032997654166383	0.0007121104633749	0.000671826953666	-0.0167452634075716	0.0006700203666128	-0.019177119083622	0.0004179651149682	1.6774647973600014e-05	9.282812026860008e-05	0.0008295387576241	0.0096162134488509	0.4625157588736341	1.0888451804842131e-05	5.071013120480149e-07	4.513514556721378e-07	0.0002804038465889	4.489272916759549e-07	0.0003677618963474	1.746948373304641e-07	2.813888146382031e-10	8.617059912601681e-09	-0.0660952855	-0.0145216494	0.0850986047	-0.0968400771	0.0416282462	0.0423645263	-0.0970673078	0.0846596832
1.0	-0.0237699392667991	0.0747173042599058	0.6987091751630174	0.0036599161379304	0.0004802482764751	0.0004081220422966	0.0050317752242535	-0.0233449894561346	0.0186240636706145	0.0003601507212921	-0.0002318621868998	-0.0002637049113694	0.0005650100127473	0.0055826755558673	0.4881945114569842	1.3394986136683375e-05	2.306384070573041e-07	1.6656360140834777e-07	2.531876190741136e-05	0.000544988532707	0.0003468557476071	1.2970854204722012e-07	5.3760073713957824e-08	6.954028028034315e-08	-0.0673111691	-0.01131012	0.0823840887	-0.0984825911	0.0488629865	0.0333632235	-0.0933259261	0.0910115994
1.0	-0.0313119831777015	0.08910127938789	0.6972251474395819	0.0031402996102277	0.0004379878639702	0.0009468147749934	-0.0075420439109024	0.0143839751279842	-0.0014840277234355	-0.0005196165277027	-4.22604125049e-05	0.0005386927326968	0.0009804402905206	0.0079390379885588	0.4861229062221466	9.861481641996244e-06	1.9183336898517842e-07	8.964582181458027e-07	5.6882426353979975e-05	0.0002068987404824	2.202338283925414e-06	2.70001335861811e-07	1.7859424650843073e-09	2.901898602603461e-07	-0.06850976	-0.0080869688	0.0794791189	-0.099720419	0.0557840552	0.0240535853	-0.0884109167	0.0958691078
1.0	-0.0211833145024371	0.0979024828699124	0.6894721011570653	0.0030569932992966	3.398274431942738e-05	0.0006429495590947	0.0101286686752644	0.0088012034820224	-0.0077530462825166	-8.330631093109988e-05	-0.0004040051196507	-0.0003038652158987	0.0004487328133091	0.0095848961520934	0.4753717782739384	9.345208031944311e-06	1.154826911479574e-09	4.133841355400691e-07	0.0001025899291332	7.746118273196325e-05	6.010972665884458e-05	6.9399414409490915e-09	1.632201367040351e-07	9.23340694331636e-08	-0.0696907501	-0.0048555076	0.0763904109	-0.1005484744	0.0623470231	0.0145216494	-0.0823840887	0.099152448
1.0	-0.022567019716007	0.0975191546275624	0.6782741146565883	0.0028099307883124	0.0003161497325609	0.0004620564393121	-0.0013837052135699	-0.00038332824235	-0.0111979865004769	-0.0002470625109842	0.0002821669882414	-0.0001808931197825	0.0005092703788626	0.0095099855192744	0.4600557746131786	7.895711035105946e-06	9.99506533983286e-08	2.1349615310977642e-07	1.914640118060524e-06	1.4694054138314293e-07	0.0001253949016648	6.103988433381793e-08	7.961820925326336e-08	3.272232078468206e-08	-0.0708538361	-0.0016190571	0.073125105	-0.1009633545	0.06850976	0.0048555076	-0.075321233	0.1008077078
1.0	-0.0199701273322858	0.0979094384105536	0.6906696380715829	0.003164431681993	0.0002883096169954	0.0005110445011296	0.0025968923837212	0.0003902837829912	0.0123955234149946	0.0003545008936805	-2.784011556549999e-05	4.898806181750004e-05	0.0003988059856677	0.0095862581298699	0.4770245489539313	1.0013627870001046e-05	8.312243525203425e-08	2.611664821348018e-07	6.743850052629179e-06	1.5232143126592584e-07	0.0001536490007316	1.2567088362034394e-07	7.750720347003946e-10	2.399830200635205e-09	-0.0719987191	0.0016190571	0.0696907501	-0.1009633545	0.0742327045	-0.0048555076	-0.0673111691	0.1008077078
1.0	-0.027010680371049	0.0891597862955393	0.709372321611653	0.0030833372479265	0.0004865675945466	0.0006912520897994	-0.0070405530387631	-0.0087496521150143	0.01870268354007	-8.109443406650006e-05	0.0001982579775511	0.0001802075886697	0.0007295768541069	0.0079494674922662	0.5032090906687064	9.50696858445096e-06	2.367480240628645e-07	4.778294516520377e-07	4.9569387091637714e-05	7.655641213377421e-05	0.0003497903716	6.576307236565926e-09	3.9306225662692105e-08	3.2474775014183794e-08	-0.073125105	0.0048555076	0.0660952855	-0.1005484744	0.0794791189	-0.0145216494	-0.0584546282	0.099152448
1.0	-0.0145698498817523	0.0810798348765331	0.704246113363638	0.0031429346187996	0.0002379361282753	0.0005951274125965	0.0124408304892966	-0.0080799514190062	-0.005126208248015	5.959737087310024e-05	-0.0002486314662712	-9.612467720289992e-05	0.0002122805255767	0.0065739396236058	0.49596258818779	9.878038018048988e-06	5.6613601138640025e-08	3.541766372238048e-07	0.0001547742632634	6.528561493350041e-05	2.6278011002017204e-05	3.5518466149858563e-09	6.181760602021659e-08	9.23995356736171e-09	-0.0742327045	0.0080869688	0.0623470231	-0.099720419	0.0842153241	-0.0240535853	-0.0488629865	0.0958691078
1.0	-0.0135523603246525	0.0812724311064982	0.6832557805322352	0.0027819267388158	0.000339632169882	0.0004540289617056	0.0010174895570998	0.0001925962299651	-0.0209903328314027	-0.0003610078799838	0.0001016960416066	-0.0001410984508909	0.0001836664703692	0.0066052080579604	0.466838461630714	7.739116380138311e-06	1.153500108187557e-07	2.061422980674652e-07	1.0352849988071475e-06	3.709330779677189e-08	0.000440594072373	1.303266894103979e-07	1.0342084878471657e-08	1.9908772843811724e-08	-0.075321233	0.01131012	0.0584546282	-0.0984825911	0.0884109167	-0.0333632235	-0.0386568643	0.0910115994
1.0	-0.0193537749003382	0.0871096298016738	0.6832105741856225	0.0026719921010832	3.3860333514157404e-05	0.0006439562823074	-0.0058014145756857	0.0058371986951755	-4.520634661275835e-05	-0.0001099346377325	-0.0003057718363678	0.0001899273206018	0.0003745686028929	0.0075880876041846	0.466776688679048	7.139541788251014e-06	1.146522185689971e-09	4.146796935231679e-07	3.365641107897849e-05	3.407288860695972e-05	2.043613774072848e-09	1.2085624573397934e-08	9.34964159157627e-08	3.607238711097892e-08	-0.0763904109	0.0145216494	0.0544270991	-0.0968400771	0.0920389632	-0.0423645263	-0.0279646096	0.0846596832
1.0	-0.0205150379128724	0.0974703541135255	0.6953809340178481	0.0026499431485112	0.0002377082293114	0.0005346863999697	-0.0011612630125341	0.0103607243118516	0.0121703598322255	-2.204895257200021e-05	0.0002038478957972	-0.0001092698823377	0.0004208667805665	0.009500469931016	0.4835546433955348	7.022198690341451e-06	5.6505202282361127e-08	2.85889546312558e-07	1.3485317842800022e-06	0.0001073446082661	0.0001481176584458	4.86156309522315e-10	4.155396462096347e-08	1.1939907186094813e-08	-0.0774399633	0.0177182567	0.0502737465	-0.0947996265	0.0950761739	-0.0509743057	-0.0169206838	0.0769176572
1.0	-0.0292505448937703	0.0985858032114208	0.6759467866389741	0.003624399033571	0.0002397176198265	0.0009475690235311	-0.0087355069808979	0.0011154490978952	-0.0194341473788739	0.0009744558850598	2.009390515099994e-06	0.0004128826235614	0.0008555943765824	0.0097191605948409	0.4569040583675548	1.31362683545504e-05	5.746453725528238e-08	8.978870543556824e-07	7.630908221331597e-05	1.2442266899954245e-06	0.0003776860843437	9.495642719276784e-07	4.03765024217382e-12	1.704720608389448e-07	-0.0784696209	0.0208966574	0.0460041721	-0.0923696238	0.0975030516	-0.059112992	-0.0056639705	0.0679126455
1.0	-0.0276094300327969	0.0500916304421394	0.6863408244198439	0.0037278994147635	0.0004159810185775	0.0005252264216906	0.0016411148609733	-0.0484941727692814	0.0103940377808697	0.0001035003811924	0.000176263398751	-0.0004223426018405	0.0007622806267359	0.0025091714403518	0.471063727265311	1.3897234046594043e-05	1.730402078167744e-07	2.75862794041912e-07	2.69325798690774e-06	0.0023516847925769	0.0001080360213901	1.0712328906992752e-08	3.106878573925403e-08	1.783732733294031e-07	-0.0794791189	0.0240535853	0.0416282462	-0.0895600545	0.0993040172	-0.0667053695	0.0056639705	0.05779251
1.0	-0.0260028596907346	0.0689492940474423	0.684003591659831	0.002949804759302	0.0006509234158933	0.0006250418773585	0.0016065703420623	0.0188576636053028	-0.0023372327600128	-0.0007780946554614	0.0002349423973158	9.981545566789996e-05	0.000676148712096	0.0047540051496406	0.4678609134035489	8.701348118000731e-06	4.23701293358202e-07	3.906773484518382e-07	2.5810682639941765e-06	0.0003556114766507	5.462656974477298e-06	6.0543129285775e-07	5.519793005649525e-08	9.9631251901905e-09	-0.080468198	0.0271857966	0.0371560849	-0.0863824638	0.1004675095	-0.073681271	0.0169206838	0.0467234231
1.0	-0.0152808803587163	0.1204034143489849	0.6747333346919788	0.0030798636286453	0.0005238367270761	0.0005421946934668	0.0107219793320183	0.0514541203015426	-0.0092702569678522	0.0001300588693432	-0.0001270866888172	-8.284718389169998e-05	0.0002335053045374	0.0144969821868933	0.4552650729445579	9.485559971052192e-06	2.744049166338005e-07	2.939750856235573e-07	0.0001149608407962	0.0026475264960056	8.593766425001263e-05	1.691530949485752e-08	1.615102647451983e-08	6.863655878785152e-09	-0.0814366042	0.0302900726	0.032598027	-0.082849909	0.1009860596	-0.0799762268	0.0279646096	0.0348871389
1.0	-0.017972052792615	0.1126661965078028	0.6712617347083807	0.0032079213315826	0.0003363151593704	0.0005079610877363	-0.0026911724338987	-0.0077372178411821	-0.0034715999835981	0.0001280577029373	-0.0001875215677057	-3.423360573049999e-05	0.0003229946815805	0.0126936718355348	0.4505923164837044	1.0290759269622682e-05	1.1310788642233757e-07	2.580244666542451e-07	7.242409068976254e-06	5.986453992190661e-05	1.20520064461186e-05	1.639877528157787e-08	3.516433835480343e-08	1.1719397613113215e-09	-0.0823840887	0.0333632235	0.0279646096	-0.0789769061	0.1008563388	-0.0855320604	0.0386568643	0.0224780088
1.0	-0.0179494262095119	0.0991366567501046	0.7203346221612179	0.003406997723784	3.396072502104275e-05	0.0005639437063073	2.262658310310181e-05	-0.0135295397576982	0.0490728874528372	0.0001990763922013	-0.0003023544343493	5.598261857099997e-05	0.0003221819012507	0.009828076711588	0.5188819678841445	1.1607633489869356e-05	1.153330843954879e-09	3.180325038836142e-07	5.119622629215721e-10	0.0001830484460551	0.0024081482829588	3.963140993192552e-08	9.14182039707198e-08	3.1340535820660707e-09	-0.083310408	0.0364020914	0.0232665442	-0.0747793702	0.1000791797	-0.0902974261	0.0488629865	0.0096997904
1.0	-0.0195443927531755	0.089706488944472	0.7127044718212971	0.0033889964766156	3.391666118734982e-05	0.0005409439496419	-0.0015949665436636	-0.0094301678056325	-0.0076301503399207	-1.8001247168400025e-05	-4.40638336929311e-08	-2.2999756665400043e-05	0.0003819832880903	0.0080472541587446	0.5079476641540741	1.148529711851295e-05	1.1503399060974816e-09	2.926203566541784e-07	2.5439182754062106e-06	8.89280648423894e-05	5.821919420979289e-05	3.2404489961782985e-10	1.9416214397182906e-15	5.289888066676137e-10	-0.0842153241	0.0394035537	0.0185146917	-0.0702745499	0.0986595713	-0.0942282833	0.0584546282	-0.0032376983
1.0	-0.0191452834922927	0.0955419487187612	0.6957595148427345	0.0032979972527776	3.386727622145536e-05	0.0005259457154662	0.0003991092608827	0.0058354597742892	-0.0169449569785626	-9.09992238379998e-05	-4.93849658944544e-08	-1.4998234175699998e-05	0.0003665418800002	0.0091282639649783	0.4840813024941972	1.0876785879328595e-05	1.146992398660356e-09	2.7661889561725293e-07	1.592882021224147e-07	3.4052590777347404e-05	0.0002871315670053	8.280858739118393e-09	2.438874856396425e-15	2.2494702838913536e-10	-0.0850986047	0.0423645263	0.0137200373	-0.0654809563	0.0966066266	-0.097288304	0.0673111691	-0.016122024
1.0	-0.0175177156721417	0.0738936997691013	0.6937698412706794	0.0028719670090479	0.0001297288116777	0.0005073150391931	0.0016275678201509	-0.0216482489496599	-0.001989673572055	-0.0004260302437297	9.586153545624463e-05	-1.863067627309997e-05	0.0003068703623699	0.005460278865566	0.4813165926567437	8.24819450105954e-06	1.6829564579308152e-08	2.573685489914966e-07	2.648977009191075e-06	0.0004686466825864	3.9588009233342606e-06	1.815017685723876e-07	9.189433980028849e-09	3.4710209839305005e-10	-0.0859600226	0.0452819664	0.0088936652	-0.0604182874	0.0939335243	-0.0994492082	0.075321233	-0.0287416266
1.0	-0.024983833689788	0.1040773206848655	0.6998823382445494	0.0028729439835018	0.0001929086904832	0.0006327242566694	-0.0074661180176463	0.0301836209157641	0.0061124969738699	9.769744539001382e-07	6.317987880550001e-05	0.0001254092174763	0.0006241919458389	0.0108320886809403	0.4898352873866578	8.253807132339192e-06	3.721376286394306e-08	4.003399849778448e-07	5.574291825342274e-05	0.0009110509715865	3.736261925556932e-05	9.544790835734733e-13	3.991697085877669e-09	1.5727471828017918e-08	-0.0867993568	0.0481528762	0.0040467329	-0.0551073469	0.0906574241	-0.1006910253	0.0823840887	-0.0408892924
1.0	-0.0195927583552304	0.1047690303847446	0.6899093926031554	0.0033009969705043	3.389607265713579e-05	0.0005429457152098	0.0053910753345576	0.000691709699879	-0.0099729456413939	0.0004280529870024	-0.000159012617826	-8.977854145960002e-05	0.0003838761799664	0.0109765497277595	0.4759749700020548	1.0896580999278565e-05	1.1489437415778283e-09	2.947900496646813e-07	2.906369326287537e-05	4.784623089068316e-07	9.945964476619856e-05	1.8322935968176214e-07	2.5285012627897962e-08	8.060186506613121e-09	-0.0876163914	0.0509743057	-0.0008095546	-0.0495699584	0.0867993568	-0.1010022786	0.0884109167	-0.0523655572
1.0	-0.0155362659088496	0.0738914520394047	0.6922666500974373	0.0031344961843951	3.3852634057973674e-05	0.0005439485179093	0.0040564924463807	-0.0308775783453399	0.0023572574942818	-0.0001665007861091	-4.343859916211557e-08	1.0028026995000236e-06	0.0002413755583904	0.0054599466844916	0.4792331148371276	9.82506632998744e-06	1.1460008326630792e-09	2.958799901357241e-07	1.6455130967544478e-05	0.0009534248444726	5.556662894347895e-06	2.772251177498152e-08	1.886911897166947e-15	1.0056132541245346e-12	-0.0884109167	0.0537433556	-0.0056639705	-0.0438288763	0.0823840887	-0.1003800917	0.0933259261	-0.062981981
1.0	-0.0172561054539528	0.0592785512322109	0.7060841027727918	0.0031304960685698	3.387189128667423e-05	0.0005569486261648	-0.0017198395451031	-0.0146129008071937	0.0138174526753545	-4.000115825299969e-06	1.925722870055324e-08	1.3000108255499933e-05	0.0002977731754379	0.0035139466361898	0.4985547601884583	9.800005635330972e-06	1.1473050193362775e-09	3.101917721868581e-07	2.9578480609007803e-06	0.0002135368700008	0.0001909219984356	1.6000926615815255e-11	3.708408572254115e-16	1.6900281465471748e-10	-0.0891827284	0.0564571806	-0.0105052926	-0.037907692	0.0774399633	-0.0988302147	0.0970673078	-0.0725642424
1.0	-0.016938601298662	0.0757967959006435	0.7124390492900403	0.0028769948316008	3.386301919627854e-05	0.0005999525208401	0.0003175041552908	0.0165182446684326	0.0063549465172485	-0.000253501236969	-8.87209039568404e-09	4.30038946753e-05	0.000286916213955	0.0057451542688038	0.5075693989532964	8.277099261057714e-06	1.1467040690875291e-09	3.599430272623906e-07	1.0080888862692493e-07	0.0002728524069262	4.038534523708947e-05	6.426287714481316e-08	7.871398798918899e-17	1.8493349572442958e-09	-0.0899316284	0.059112992	-0.0153223288	-0.0318307368	0.0719987191	-0.0963669712	0.0995880118	-0.0809550009
1.0	-0.0164748915430976	0.0923561797844598	0.6957290659852617	0.0029519083358551	0.0003368450987726	0.0005720042168686	0.0004637097555643	0.0165593838838162	-0.0167099833047785	7.491350425430001e-05	0.0003029820795763	-2.794830397149996e-05	0.0002714220513568	0.0085296639443794	0.4840389332567247	8.713762823290824e-06	1.1346462056712269e-07	3.271888241154604e-07	2.150267374055946e-07	0.0002742131946115	0.0002792235420459	5.612033119659026e-09	9.17981405443924e-08	7.811076948833604e-10	-0.0906574241	0.0617080609	-0.0201039431	-0.0256229823	0.0660952855	-0.0930131259	0.1008563388	-0.0880164806
1.0	-0.0106539996291559	0.1069690689091515	0.6822165062113612	0.0028763605708591	0.0004569094288751	0.0006318444753402	0.0058208919139417	0.0146128891246917	-0.0135125597739005	-7.554776499599973e-05	0.0001200643301024	5.984025847160005e-05	0.000113507708098	0.0114423817032908	0.4654193613472362	8.273450133592889e-06	2.087662261949701e-07	3.992274410179327e-07	3.3882782673791864e-05	0.0002135365285705	0.0001825892716432	5.707464795890803e-09	1.4415443362962086e-08	3.580856533947901e-09	-0.0913599293	0.0642397205	-0.0248390815	-0.0193099375	0.0597675591	-0.0887996743	0.1008563388	-0.0936327321
1.0	-0.0144785905371804	0.1011615784626229	0.6941173462209349	0.0033039410985803	0.000251898162306	0.0005430855181349	-0.0038245909080245	-0.0058074904465286	0.0119008400095736	0.0004275805277211	-0.0002050112665691	-8.875895720530003e-05	0.0002096295839433	0.0102336649570494	0.4817988903247932	1.0916026782888e-05	6.345268417313991e-08	2.949418800078528e-07	1.4627495613743671e-05	3.3726945286521004e-05	0.0001416299929334	1.8282510768633985e-07	4.2029619420266594e-08	7.878152484172281e-09	-0.0920389632	0.0667053695	-0.0295167975	-0.012917544	0.0530561602	-0.0837655561	0.0995880118	-0.0977115367
1.0	-0.0014641727415778	0.0816412739389136	0.7218899493040851	0.0027989616391501	0.0001453156945232	0.0005827966778691	0.0130144177956026	-0.0195203045237093	0.0277726030831502	-0.0005049794594302	-0.0001065824677828	3.971115973420004e-05	2.143801817179451e-06	0.0066652976103687	0.5211250989062546	7.834186257433815e-06	2.1116651074759976e-08	3.396519677352596e-07	0.0001693750705584	0.0003810422886983	0.0007713174820142	2.550042544464171e-07	1.13598224386716e-08	1.5769762074351507e-09	-0.0926943516	0.0691024742	-0.0341262771	-0.0064720696	0.0460041721	-0.0779572956	0.0970673078	-0.1001859206
1.0	-0.0116118321994349	0.0859301357701696	0.7156103336179882	0.0026183898925001	0.0003663111749798	0.000619020934569	-0.0101476594578571	0.0042888618312559	-0.0062796156860969	-0.00018057174665	0.0002209954804566	3.62242566998999e-05	0.0001348346470278	0.0073839882334797	0.5120981495808484	6.855965629146685e-06	1.3418387691508165e-07	3.831869174346781e-07	0.0001029749924726	1.8394335807604567e-05	3.9433573165074464e-05	3.2606155688231826e-08	4.883900238224348e-08	1.3121967734602427e-09	-0.0933259261	0.0714285714	-0.0386568643	-0.0	0.0386568643	-0.0714285714	0.0933259261	-0.1010152545
1.0	-0.0151325966351549	0.0773080728690587	0.6990429480324281	0.0024623637870409	0.0004397763759662	0.000629959375606	-0.00352076443572	-0.0086220629011108	-0.0165673855855601	-0.0001560261054592	7.346520098640004e-05	1.0938441037000048e-05	0.0002289954809223	0.0059765381307276	0.4886610431938679	6.063235419730402e-06	1.934032608579645e-07	3.968488149139014e-07	1.2395782211830777e-05	7.433996867071281e-05	0.0002744782651406	2.4344145584765414e-08	5.397135755972153e-09	1.196494923199267e-10	-0.0939335243	0.073681271	-0.0430980853	0.0064720696	0.0310614022	-0.0642397205	0.0884109167	-0.1001859206
1.0	-0.0168652550773629	0.0851050414120351	0.687483110086589	0.0022583162229258	0.0005502632334613	0.0006743796139473	-0.0017326584422079	0.0077969685429764	-0.011559837945839	-0.000204047564115	0.0001104868574951	4.442023834130002e-05	0.0002844368288245	0.0072428680737442	0.4726330266543291	5.099992162729852e-06	3.027896260992852e-07	4.547878637077094e-07	3.00210527735465e-06	6.0792718460163545e-05	0.000133629853334	4.1635408421305783e-08	1.220734567914254e-08	1.9731575742979006e-09	-0.0945169902	0.0758582581	-0.0474396731	0.012917544	0.0232665442	-0.0564571806	0.0823840887	-0.0977115367
1.0	-0.0117290164003662	0.0894355189794993	0.6768037798864128	0.0024648698668133	0.0004851487225725	0.000525902800037	0.0051362386769967	0.0043304775674642	-0.0106793302001761	0.0002065536438875	-6.511451088880003e-05	-0.0001484768139102	0.00013756982572	0.0079987120551323	0.4580633564685359	6.075583460324216e-06	2.353692830137286e-07	2.765737550867569e-07	2.6380947747076807e-05	1.875303596231065e-05	0.0001140480935243	4.266440780320423e-08	4.2398995282876575e-09	2.204536426895385e-08	-0.0950761739	0.0779572956	-0.0516715908	0.0193099375	0.0153223288	-0.0481528762	0.075321233	-0.0936327321
1.0	-0.0195025805190312	0.0806249724285237	0.6537645816142827	0.0026352606001549	0.0008582622070374	0.0005768701670389	-0.0077735641186649	-0.0088105465509756	-0.02303919827213	0.0001703907333415	0.0003731134844648	5.096736700189997e-05	0.0003803506469012	0.0065003861791002	0.4274081281732981	6.944598430728764e-06	7.366140160287088e-07	3.327791896194884e-07	6.042829910699593e-05	7.762573052690805e-05	0.0005308046570225	2.9033002008688232e-08	1.3921367228953917e-07	2.597672499106361e-09	-0.0956109317	0.0799762268	-0.0557840552	0.0256229823	0.007279753	-0.0394035537	0.0673111691	-0.0880164806
1.0	-0.0279558582456473	0.0695143698190605	0.640826841638372	0.0030457312175082	0.0011397406475954	0.000484266009914	-0.0084532777266161	-0.0111106026094632	-0.0129377399759107	0.0004104706173533	0.000281478440558	-9.260415712490004e-05	0.0007815300102507	0.0048322476113411	0.4106590409642111	9.276478649303983e-06	1.299008743781182e-06	2.3451356835802637e-07	7.145790432330391e-05	0.0001234454903454	0.0001673851156842	1.6848612771039928e-07	7.92301124989636e-08	8.575529916813175e-09	-0.0961211263	0.081912977	-0.0597675591	0.0318307368	-0.0008095546	-0.0302900726	0.0584546282	-0.0809550009
1.0	-0.0085113532686023	0.1334249677376249	0.5515498050326073	0.0049322101567646	0.0010210100442222	0.0006099859119115	0.019444504977045	0.0639105979185644	-0.0892770366057646	0.0018864789392563	-0.0001187306033731	0.0001257199019975	7.244313446294704e-05	0.0178022220157862	0.3042071874315071	2.432669703049188e-05	1.0424615104026188e-06	3.720828127305043e-07	0.0003780887738023	0.0040845645263084	0.007970389265107	3.558802788257951e-06	1.4096956177364126e-08	1.5805493758261022e-08	-0.0966066266	0.0837655561	-0.0636128936	0.037907692	-0.0088936652	-0.0208966574	0.0488629865	-0.0725642424
1.0	-0.0152464638469069	0.0946286507304137	0.6230636551135973	0.0049849940888095	0.0001557841500332	0.0003146142107241	-0.0067351105783046	-0.0387963170072112	0.0715138500809899	5.278393204490029e-05	-0.000865225894189	-0.0002953717011874	0.000232454659835	0.0089545815390586	0.3882083183235157	2.4850166065465657e-05	2.4268701401566562e-08	9.89821015895484e-08	4.536171450199054e-05	0.001505154213324	0.0051142307534063	2.786143482120651e-09	7.486158479751547e-07	8.724444186233876e-08	-0.0970673078	0.0855320604	-0.0673111691	0.0438288763	-0.0169206838	-0.01131012	0.0386568643	-0.062981981
1.0	0.0016572334996993	0.0304357445778151	0.6717317837902925	0.0041720557650509	-0.0002698142756067	0.0003290642036395	0.0169036973466062	-0.0641929061525986	0.0486681286766952	-0.0008129383237585	-0.0004255984256398	1.4449992915400002e-05	2.74642287252559e-06	0.000926334548006	0.4512235893540883	1.740604930669445e-05	7.27997433211683e-08	1.0828325011689837e-07	0.0002857349839856	0.0041207292003163	0.0023685867488913	6.60868718235442e-07	1.8113401990716146e-07	2.0880229525511024e-10	-0.0975030516	0.0872106748	-0.0708538361	0.0495699584	-0.0248390815	-0.0016190571	0.0279646096	-0.0523655572
1.0	-0.0071622111564551	0.104001852812928	0.650822391206006	0.0035890076654988	-2.60907450997383e-05	0.0002280474452019	-0.0088194446561543	0.0735661082351128	-0.0209093925842864	-0.0005830480995521	0.0002437235305069	-0.0001010167584376	5.1297268649649896e-05	0.0108163853885219	0.4235697848951035	1.2880976023009149e-05	6.80726979859518e-10	5.200563726311358e-08	7.778260404297038e-05	0.0054119722808603	0.0004372026982438	3.3994508639131565e-07	5.94011593227779e-08	1.0204385485240436e-08	-0.097913746	0.0887996743	-0.0742327045	0.0551073469	-0.032598027	0.0080869688	0.0169206838	-0.0408892924
1.0	-0.0153040951209391	0.102953678228161	0.6532923118214455	0.0031299954505366	5.16071002552021e-05	0.0003879210715894	-0.0081418839644839	-0.0010481745847669	0.0024699206154394	-0.0004590122149621	7.76978453549404e-05	0.0001598736263875	0.0002342153274707	0.0105994598607077	0.4267908446850088	9.796871520379816e-06	2.6632927967504804e-09	1.5048275778306838e-07	6.629027449112168e-05	1.098669960151468e-06	6.100507846572997e-06	2.1069221348450485e-07	6.036955172800233e-09	2.555957641428993e-08	-0.0982992856	0.0902974261	-0.0774399633	0.0604182874	-0.0401477124	0.0177182567	0.0056639705	-0.0287416266
1.0	-0.0056421365096355	0.1033338905300098	0.6514485097665528	0.0033690358726936	-0.0001403580570193	0.0003812377790573	0.0096619586113036	0.0003802123018488	-0.0018438020548927	0.0002390404221569	-0.0001919651572745	-6.683292532100001e-06	3.183370439336187e-05	0.010677892932068	0.4243851608770624	1.1350402711496328e-05	1.9700384170233076e-08	1.4534224418054268e-07	9.335344420654378e-05	1.4456139447716356e-07	3.3996060176267736e-06	5.714032342499665e-08	3.685062160742433e-08	4.4666399069623645e-11	-0.0986595713	0.0917023912	-0.080468198	0.0654809563	-0.0474396731	0.0271857966	-0.0056639705	-0.016122024
1.0	-0.0064495046171657	0.1736547630383	0.553424922704437	0.0056166347381289	-0.0005840037828359	0.0003561432630205	-0.0008073681075301	0.0703208725082902	-0.0980235870621157	0.0022475988654352	-0.0004436457258165	-2.5094516036800016e-05	4.159610980684168e-05	0.0301559767258881	0.306279145070412	3.15465857815563e-05	3.41060418366641e-07	1.2683802379488906e-07	6.518432610568955e-07	0.0049450251103272	0.0096086236205241	5.051700659906047e-06	1.968215300353378e-07	6.29734735121213e-10	-0.0989945105	0.0930131259	-0.083310408	0.0702745499	-0.0544270991	0.0364020914	-0.0169206838	-0.0032376983
1.0	-0.0046004933075778	0.1650057521521688	0.607446402699253	0.0045561867017788	-0.0006147416181465	0.0005539025457252	0.0018490113095878	-0.0086490108861311	0.0540214799948159	-0.00106044803635	-3.073783531060007e-05	0.0001977592827047	2.116453867306813e-05	0.0272268982433029	0.368991132152263	2.0758837261465986e-05	3.779072570813773e-07	3.0680803016085736e-07	3.4188428229839604e-06	7.480538930841568e-05	0.0029183203008303	1.1245500377987818e-06	9.448145195815724e-10	3.9108733895877487e-08	-0.0993040172	0.0942282833	-0.0859600226	0.0747793702	-0.0610651352	0.0452819664	-0.0279646096	0.0096997904
1.0	0.0027406783344474	0.164943525836108	0.6280852419938299	0.0045770922324242	-0.000566911059509	0.0002587984151315	0.0073411716420252	-6.222631606081497e-05	0.0206388392945768	2.09055306453999e-05	4.783055863750009e-05	-0.0002951041305937	7.511317732909375e-06	0.0272063667152468	0.3944910712104478	2.0949773304117947e-05	3.213881493936169e-07	6.69766196745762e-08	5.389280107767497e-05	3.872114410500439e-09	0.0004259616874273	4.3704121156575424e-10	2.2877623395753342e-09	8.708644789346357e-08	-0.0995880118	0.0953466148	-0.0884109167	0.0789769061	-0.0673111691	0.0537433556	-0.0386568643	0.0224780088
1.0	-0.0135044689543519	0.1654681599027299	0.6541899056116449	0.0050215745560155	-0.0001749547693807	0.000615943271354	-0.0162451472887993	0.0005246340666218	0.026104663617815	0.0004444823235912	0.0003919562901282	0.0003571448562225	0.000182370681739	0.0273797119415953	0.4279644326041729	2.521621102162227e-05	3.060917132905392e-08	3.793861135262673e-07	0.0002639048104347	2.752409038602307e-07	0.0006814534625992	1.975645359851211e-07	1.5362973337114005e-07	1.275524483261902e-07	-0.0998464214	0.0963669712	-0.0906574241	0.082849909	-0.073125105	0.0617080609	-0.0488629865	0.0348871389
1.0	-0.0040887093667976	0.1216105779625849	0.6649242832324802	0.0046676786285373	-0.000506015388902	0.0006376845713814	0.0094157595875543	-0.0438575819401449	0.0107343776208352	-0.0003538959274782	-0.0003310606195213	2.1741300027399982e-05	1.6717544286138434e-05	0.0147891326723939	0.4421243024322275	2.178722377930385e-05	2.560515738056423e-07	4.066416125778799e-07	8.865652861062072e-05	0.0019234874936365	0.0001152268629066	1.2524232748565542e-07	1.0960113379782697e-07	4.726841268814227e-10	-0.1000791797	0.097288304	-0.0926943516	0.0863824638	-0.0784696209	0.0691024742	-0.0584546282	0.0467234231
1.0	-0.0023165082978806	0.1377862585664218	0.6648784055203976	0.0044891389852953	-0.000525942188325	0.000472182497226	0.001772201068917	0.0161756806038368	-4.5877712082642574e-05	-0.0001785396432419	-1.992679942299999e-05	-0.0001655020741554	5.3662106941496745e-06	0.0189850530497328	0.4420632941273462	2.015236882929812e-05	2.766151854600897e-07	2.229563106865815e-07	3.140696628670558e-06	0.0002616526429973	2.1047644659378483e-09	3.1876404208980535e-08	3.9707733524447277e-10	2.7390936549739533e-08	-0.1002862268	0.0981096665	-0.0945169902	0.0895600545	-0.083310408	0.0758582581	-0.0673111691	0.05779251
1.0	-0.0056333916469384	0.1650236789391073	0.6524261817833974	0.0045970805381514	-0.0003592121072717	0.0003438278908553	-0.0033168833490578	0.0272374203726855	-0.0124522237370001	0.000107941552856	0.0001667300810532	-0.0001283546063706	3.173510144779534e-05	0.0272328146105975	0.4256599226764627	2.113314947425037e-05	1.290333380105753e-07	1.1821761853000409e-07	1.1001715151256889e-05	0.0007418770685583	0.0001550578759963	1.1651378832986172e-08	2.779891992803997e-08	1.6474904976577335e-08	-0.1004675095	0.0988302147	-0.0961211263	0.0923696238	-0.0876163914	0.081912977	-0.075321233	0.0679126455
1.0	-0.005296209739015	0.138527044144709	0.646167257326951	0.0050271165618488	-0.0004208839858399	0.0004450603554884	0.0003371819079234	-0.0264966347943982	-0.0062589244564463	0.0004300360236973	-6.167187856819998e-05	0.000101232464633	2.804983759963733e-05	0.0191897419594701	0.4175321244414341	2.52719009264145e-05	1.7714332953648114e-07	1.9807872002746097e-07	1.136916390308644e-07	0.0007020716554277	3.917413535150261e-05	1.849309816774707e-07	3.803420606130803e-09	1.024801189569184e-08	-0.1006229812	0.0994492082	-0.0975030516	0.0947996265	-0.0913599293	0.0872106748	-0.0823840887	0.0769176572
1.0	0.0007717815939969	0.0956609311191698	0.6650534105705646	0.0045851335790832	-0.0005249562002558	0.0004562058772083	0.0060679913330119	-0.0428661130255392	0.0188861532436135	-0.0004419829827656	-0.0001040722144159	1.1145521719899978e-05	5.956468288323958e-07	0.0091510137425865	0.4422960389115399	2.102344993803632e-05	2.755790121870076e-07	2.081238023993945e-07	3.682051881750754e-05	0.0018375036459183	0.0003566867843412	1.953489570543769e-07	1.0831025813429072e-08	1.2422265440876216e-10	-0.1007526021	0.0999660109	-0.0986595713	0.0968400771	-0.0945169902	0.0917023912	-0.0884109167	0.0846596832
1.0	-0.0001298513199259	0.0993176924193619	0.6493096306629553	0.0036470956390117	-0.0004222254437478	0.00042577182134	-0.0009016329139227	0.0036567613001921	-0.0157437799076092	-0.0009380379400714	0.000102730756508	-3.0434055868299977e-05	1.6861365286498437e-08	0.0098640040275069	0.4216029964716634	1.330130660009816e-05	1.782743253480266e-07	1.8128164384718088e-07	8.129419114689192e-07	1.3371903206582631e-05	0.0002478666057792	8.799151770135828e-07	1.0553608332705996e-08	9.262317565948043e-10	-0.1008563388	0.1003800917	-0.0995880118	0.0984825911	-0.0970673078	0.0953466148	-0.0933259261	0.0910115994
1.0	-0.0007388099898548	0.131165444197677	0.6646791198471789	0.0041016380692614	-0.0005300483046466	0.0004655891538295	-0.0006089586699289	0.0318477517783151	0.0153694891842235	0.0004545424302497	-0.0001078228608988	3.9817332489500005e-05	5.458402011092497e-07	0.0172043737515739	0.4417983323608204	1.6823434851214385e-05	2.809512052587349e-07	2.167732601636699e-07	3.70830661681575e-07	0.0010142792933331	0.0002362211977839	2.0660882089730346e-07	1.1625769332401983e-08	1.5854199665793922e-09	-0.1009341646	0.1006910253	-0.1002862268	0.099720419	-0.0989945105	0.0981096665	-0.0970673078	0.0958691078
1.0	0.0026550412141119	0.1213891210222897	0.6739149865851033	0.0046342329706182	-0.0007376544982986	0.0005827115397692	0.0033938512039667	-0.0097763231753873	0.0092358667379244	0.0005325949013567	-0.0002076061936519	0.0001171223859397	7.049243848632792e-06	0.014735318702564	0.4541614091439999	2.1476115225964786e-05	5.441341588601592e-07	3.39552738580192e-07	1.151822599466622e-05	9.557649482961493e-05	8.530123440069876e-05	2.836573289512595e-07	4.310033164267172e-08	1.3717653288208037e-08	-0.1009860596	0.100898492	-0.1007526021	0.1005484744	-0.1002862268	0.0999660109	-0.0995880118	0.099152448
1.0	0.000509617905223	0.0865955542152221	0.6599679278254484	0.0039306290512647	-0.0005221529350272	0.0004320279908906	-0.0021454233088889	-0.0347935668070676	-0.0139470587596548	-0.0007036039193535	0.0002155015632714	-0.0001506835488786	2.5971040932387865e-07	0.0074987900098414	0.4355576657582163	1.544984473864603e-05	2.7264368755751933e-07	1.8664818491296842e-07	4.602841174323797e-06	0.0012105922911578	0.0001945204480452	4.950584753296067e-07	4.644092377241722e-08	2.270553190264944e-08	-0.1010120104	0.1010022786	-0.1009860596	0.1009633545	-0.1009341646	0.100898492	-0.1008563388	0.1008077078
